中山詹园,22.440513,113.337422
中山影视城,22.453506,113.53664
逍遥谷,22.437345,113.438439
中山岭南水乡,22.644341,113.509848
孙中山故居纪念馆,22.449309,113.534253
幻彩摩天轮,22.531809,113.373139
翠竹林漂流乐园,22.433271114,113.4055648664
紫马岭公园,22.514271,113.417364
孙中山纪念堂,22.528786,113.382315
西山寺,22.527153,113.380186
古镇,22.6203891688,113.192120368
孙文西路,22.527512,113.375626
中山公园Zhongshan Park,22.529553,113.376577
五桂山,22.42234,113.473011
长洲村,22.5322333511,113.35789131
聚龙湾温泉度假村,22.5554979176,113.4858806918
崖口村,22.469478,113.556799
金钟水库,22.482269,113.390191
香山商业文化博物馆,22.5278205872,113.3751611098
阜峰文塔,22.5257472992,113.3926782206
长江水世界,22.493187,113.451343
岐江公园,22.522841,113.369959
伟丰农场,22.632258,113.518679
孙文公园,22.503598,113.394835
神湾丫髻山,22.320353,113.388108
蝴蝶馆,22.5657700099,113.3466977912
紫马岭动物园,22.5136235886,113.4153203213
探花及第坊,22.5213846306,113.3424739004
仙踪龙园,22.418059,113.409163
多宝欢乐园,22.6353149414,113.5042210656
中山广东健康医疗信息技术服务区展示中心GuangDong JianKang YiLiao XinXi JiShu FuWuQu ZhanShi ZhongXin,22.5712505491,113.5265072919
中山科学馆,22.5077027448,113.4166204129
火炬国际科技展览馆,22.566463622,113.4862563485
罗三妹山,22.379057,113.46992
金斗湾怡乐园,22.256015,113.47499
鹿鸣湖山庄,22.396883,113.356039
鸦岗苑阁,22.3415349807,113.4543979554
升平人瑞坊,22.5353958614,113.3116081066
百龄流芳坊,22.7351152348,113.3475694698
中一湿地公园,22.5874685363,113.396508799
小榄荼薇园,22.624048,113.245455
名彩水果世界,22.6230945587,113.5572133795
仙人掌大峡谷,22.417098999,113.4074312578
菊城金瓣,22.67809,113.257339
逸仙湖公园,22.534709,113.378687
中山黄圃海蚀遗址旅游区,22.740455,113.353447
中山泉林水上乐园,22.336852,113.410945
广丰村水乡游,22.6261196506,113.2350211962
双美桥,22.6839788612,113.2641897339
龙瑞塔,22.5218627173,113.3417618208
帆鲨海洋馆,22.691741,113.227496
安美嘉智控技术有限公司,22.5177935109,113.3955201416
三源色画廊,22.533177121,113.3302233288
扬艺画廊,22.721477984,113.3505639084
佰世足球场,22.5025075305,113.373304795
椰吧喱,22.3670347969,113.439823926
啵啵爱乐园,22.5453394517,113.4220362858
mg摄影区,22.5308585572,113.3824721959
南方绿博园,22.6603338919,113.205965209
方修书画院,22.5426116562,113.4684489449
鳄鱼谷龙虎园,22.3323120452,113.4091227205
中山纪念中学Sun Yat-sen Memorial Middle School,22.450716,113.527975
树木园,22.495387,113.376007
云顶星河游乐王国,22.645364,113.211133
悦来亲子王国,22.4957695007,113.3729204138
中山北区公园,22.541503,113.396078
中山市博物馆,22.5261516571,113.3814844268
中山东升公园,22.626679,113.301191
大尖山公园,22.452495,113.388041
伊泰莲娜DIY地带,22.2717151642,113.4901585093
丰本农业科技园,22.6427581681,113.5074444896
兴中道,22.5188782528,113.3965503254
陆皓东故居,22.4508888755,113.5432016666
杨殷故居,22.4508888755,113.5432016666
长江叠翠,22.476787,113.446609
郑观应故居,22.3727264404,113.4686300125
大盛陶艺,22.39315,113.348622
德华湿地花海,22.5636292863,113.2308139146
欢乐迪大型水上乐园,22.7021131572,113.363554942
有孔虫雕塑公园Foraminifera Sculpture Park,22.5220812832,113.398903202
江西省三清山奇石馆中山分馆JiangXiSheng SanQingShan QiShiGuan ZhongShan FenGuan,22.3617967008,113.481466323
中山横栏镇民俗文化展览馆HengLanZhen MinSu WenHua ZhanLanGuan,22.5380930863,113.2546270791
中山大涌红木雕刻艺术馆DaChong HongMu DiaoKe YiShuGuan,22.4817287086,113.3169703291
食出开心农场,22.547859,113.576871
南朗天宇梦幻田园,22.458358836,113.5533748055
古镇镇明星足球俱乐部,22.6108163845,113.211959416
灯都古镇灯文化博物馆,22.6207709122,113.1978691036
世汇游乐,22.5808562673,113.3860610787
人造草足球场,22.7163333467,113.249613787
水悦熙园售楼部,22.5401030177,113.3581414007
滨江一号售楼部,22.5391380687,113.3706110295
爱迪心足球俱乐部,22.517484976,113.393686091
石岐文化活动中心影剧院,22.5425234759,113.3954444262
张家边影剧院,22.5517713344,113.4687943773
阜沙影剧院,22.6660144424,113.3582748956
蝴蝶文化展,22.4946667836,113.4520987937
矮脚虎足球俱乐部,22.5136406403,113.395417036
南区图书馆,22.4924995966,113.3650996593
中山图书馆(坦洲分馆),22.2715233804,113.4772702731
东昇图书馆,22.6226004538,113.2944117603
熊猫少年棒球场,22.6164156761,113.294810371
沙溪镇文化展览馆,22.5124602629,113.3159258536
农家书屋,22.7372658091,113.2956388691
中山市人民政府社区书屋,22.5142044453,113.4033937134
艺鸿堂画廊,22.6816945147,113.2444713442
鸣诗画廊,22.3434583808,113.4384343237
艺林画廊,22.6852369084,113.248458457
云汉求是球场,22.5231133018,113.342009951
盛大金禧,22.5142116426,113.3865210182
海洋童装批发,22.5185829859,113.3485110387
依诗漫画廊,22.4246408857,113.3252483823
禅艺画廊,22.3202894965,113.4788929508
州长画廊,22.5326974795,113.3562768382
东方画廊,22.6325504589,113.2967577556
鳄鱼,22.672831139,113.2393714272
无意间画廊,22.7025898854,113.2650034812
渝建根雕摆件,22.3197217442,113.4803690699
肖邦文化艺术中心(东升分校),22.6239757935,113.2788945072
飞华体育足球场,22.5342000997,113.358733707
名艺轩画廊,22.5089949305,113.5373058127
品泰画廊,22.6090086373,113.1976507428
大中国画廊,22.5138756991,113.3291333039
天香画廊,22.6716962318,113.3561468608
华怡画廊,22.4736194953,113.299268587
钰雅画廊,22.4238592892,113.3263861512
小玩家,22.6913860976,113.237063395
大有画廊,22.3624750275,113.4813134145
艺博画廊,22.6546463559,113.2716914757
翰林轩书画廊,22.5333511494,113.2626301766
松鼠乐园(悦盈新城店),22.4945990291,113.3728997
一树文化艺术中心,22.673201215,113.2358252011
爱美精品客房(大信新都汇店),22.6414997309,113.2062989289
星火教育(古镇店),22.625599761,113.1941993252
永兴住宿(中山古镇店),22.6351499669,113.2012937159
足鹿智慧足球俱乐部,22.505607375,113.463734816
天和缤纷游乐园,22.5565718814,113.4861947017
古镇郁南(西江玻璃门市部),22.6384170175,113.1925443106
中山港社区教育共用图书馆,22.5618459992,113.4898081766
清爽来一炮,22.6357173112,113.275349927
沙口社区图书馆,22.6887153082,113.247593636
泰丰购物中小童星乐园,22.6192140315,113.2566562941
惠品源,22.6981736598,113.392094757
一馨饮艺(三乡店),22.3628670357,113.45331082
bufel'stea(横栏总店),22.5355019141,113.262803351
中山市中山图书馆(黄圃分馆),22.7222521491,113.3483663087
古镇富宏灯饰配件,22.6079888454,113.1944987743
古镇生亮灯饰配件,22.6050710948,113.1989158857
新市社区图书馆,22.674823925,113.242105004
西区社区图书馆,22.6861283956,113.2161786668
东区社区图书馆,22.6746218524,113.247410353
中山市图书馆(东凤分馆),22.7088907353,113.2613929777
绩东一社区图书馆,22.6600745462,113.2694779081
大芬艺术画廊,22.6232643238,113.2900765164
竹源社区图书馆,22.6840106263,113.2338823803
何锡樑纪念图书馆,22.6822689215,113.2407205852
石岐区影剧院,22.5446160243,113.3898386078
炜力健健身馆(假日店),22.5281311522,113.3976216313
趣味蜡像馆,22.5390777767,113.3891209442
智趣乐园(远洋广场店),22.5088125434,113.4245910233
热带雨林主题乐园,22.6449088362,113.2124056282
翠景康体园,22.535907785,113.3564460836
中山市小榄镇枫叶羽毛球馆,22.6772367923,113.2301954088
华南国际宠物展,22.6181225115,113.1975274535
艺昌画廊,22.5253537515,113.4010885874
墨仙书画创作展示馆,22.523918731,113.4008526733
翠亨民俗展览馆,22.4479968102,113.5345323575
星力文化活动策划部,22.5314069011,113.3890535423
法肯台球运动馆,22.5266839612,113.3705333964
中山漫画馆,22.5354124237,113.3793063949
聚创坊,22.5436175802,113.3939581138
顶好画廊,22.6996806029,113.2657210836
艺之轩艺术馆,22.4773058281,113.3118533261
开心哈乐,22.6310480749,113.5027012394
锦丰画廊,22.3590884758,113.434507346
中山书展动漫嘉年华,22.5092445384,113.4209198955
茂名夏梨堂动漫服务中心,22.5244948379,113.3960312122
古镇(飞权权盛五金材料店),22.604125211,113.189496632
小榄水乡民俗馆,22.6733583861,113.2355997029
在路上旅游,22.5228030616,113.3725437242
亨特引力运动俱乐部,22.5080598212,113.3781919179
厨邦酱油文化博物馆,22.5740362952,113.4922630583
盛世文瀚东升画廊,22.6207474097,113.2892085275
豫风书画装裱店,22.5389688533,113.4016640535
寒秋博物馆,22.6765497699,113.3217070544
喜羊羊十周年站(石岐大信),22.5388973679,113.3885305887
“来自外星的秀”外星儿童乐园,22.514182335,113.435762291
弘艺书画社,22.5302137329,113.331823224
玉峰画廊,22.5268111565,113.3923198337
金苹果游乐设备销售部,22.5504162619,113.3876411754
双美艺术展厅,22.6731895029,113.2353596517
游乐场,22.6689280951,113.2278427697
云峰画苑,22.5206576514,113.4543754756
东凤镇图书馆,22.6966320564,113.2598882882
中山书画院(起湾道店),22.5185411124,113.4092685098
森宇游乐场,22.6789755219,113.2480323402
隆都乐园欢乐城,22.5170505851,113.3090478125
三乡革命历史展览馆,22.3557616522,113.4365316636
中医药文化馆,22.5425696393,113.3616680768
东升镇城建档案室,22.6328763595,113.2949421323
临海荷花园,22.5559425312,113.5987466923
民俗博物馆,22.6861280699,113.2563905254
沙溪镇申明亭鹤馆,22.5194126196,113.3214385137
中山市图书馆(长洲分馆),22.5355554868,113.3558291354
名人画廊,22.542744425,113.4732002586
三乡古典家具博物馆,22.3655785706,113.4491732576
霹雳旋风游乐中心,22.5269778289,113.3794769685
华娱星空游乐中心,22.5266637857,113.3604459725
小榄艺海书画院,22.6843971068,113.2390416323
宾议馆,22.670065263,113.2306521362
龙泉博物馆,22.6102272398,113.1922836229
华艺东方游乐中心,22.6322181458,113.1828866881
博览中心,22.5092273335,113.4209369548
红色军事文化博物馆,22.5306132648,113.483756977
金源画廊,22.5391455504,113.4099471507
大石兜灯光球场,22.5117757845,113.346822335
仙草生态园,22.4375523433,113.4042874179
永宁图书馆,22.6682920656,113.235524114
云峰书苑艺术馆,22.4920336718,113.3653702309
贺带烈士故居,22.4313612469,113.509929573
四驱车游乐场,22.4337646412,113.4057947502
黄圃国际会展中心,22.72804174,113.3345086911
国土资源局档案馆库房,22.5288883555,113.3966918531
张家边康乐园商业街,22.545091134,113.4704169611
迪仕欢乐城,22.6697990705,113.1913422033
芦荟大观园,22.3856939673,113.4495333221
中山美术馆,22.522348,113.370185
电子科技大学中山学院,22.5333309174,113.3968473526
石岐天主教堂,22.5286045074,113.3849353289
田心公园,22.413972,113.483969
中山红博城,22.481869,113.315267
酷酷乐奇果丛林,22.6571083069,113.4968050119
黄氏大宗祠,22.5314121246,113.3612920193
名树园,22.509934,113.39806
多宝园,22.6184692383,113.4868852328
南粤石文化博览园,22.4480133057,113.4064773911
简氏大宗祠,22.525783,113.544307
大涌红木文化博览城,22.481397,113.316761
石博宇宙城shi bo yu zhou cheng,22.4591293335,113.4140505054
中山辛亥革命纪念公园,22.447506,113.533639
旭景农业科技园,22.435609,113.313985
中山中国收音机博物馆,22.5262832642,113.381295225
龙山公园,22.683099,113.257573
