双月湾,22.571061,114.909181
巽寮湾,22.680414,114.753776
南昆山国家森林公园,23.634882,113.877946
哈斯塔特小镇,23.18082,114.339684
罗浮山,23.269776,114.044681
惠州西湖,23.095671,114.404632
十里银滩,22.794912,114.719842
大亚湾,22.779619,114.685966
盐洲岛,22.728788,114.948628
平海古城,22.617704,114.877911
南昆山富力养生谷温泉度假别墅,23.5749434079,113.9975018879
秋枫寨旅游区,23.465892,114.30281
尚天然国际温泉小镇,23.7979480478,114.2599351569
红花湖,23.073198,114.378794
三角洲岛,22.630151,114.742287
海龟自然保护区,22.564101,114.911474
鲁冰花童话园,23.79908,114.260062
(驴妈妈旅游网),23.8002999087,114.2595037652
南昆山度假温泉别墅,23.587950623,114.0150296157
林丰温泉度假山庄,23.5917202109,114.0180864996
巽寮湾大海玩家游乐场,22.680068,114.755966
半山豪苑-凉亭,22.6551,114.813
天后宫岭南民俗文化街,22.695998,114.766745
欢乐堡游乐场,22.7642453097,114.9590429279
南湖公园,22.9798698425,114.7376152415
咸泉,22.7507,114.762
漫乐冰雪王国,23.1848144306,114.3374110551
巽寮湾海公园海趣馆,22.6933054996,114.764470929
罗浮山天然温泉中心,23.2989993033,114.0260759195
香溪堡旅游区,23.594017,114.110579
石头河水库,22.6991615295,114.4576584628
二帝宫,22.7089,114.753
汤泉生态旅游渡假村,23.2086121854,114.375060335
双月湾双人沙滩摩托车体验,22.59398,114.895006
百花洲,23.103012,114.40923
银滩水上乐园,22.7999745519,114.729463065
巽寮湾德泽园酒店沙滩,22.670982,114.750199
巽寮湾阳光城堡滨海乐园,22.734,114.751
桃花园,23.0456,114.707
滨海旅游度假区,22.7042174683,114.7677668356
金银滩海滨乐园,22.6710642669,114.7501339675
惠东县城建档案馆,22.9876734417,114.7371241471
冲虚古观,23.269837,114.070337
叶挺将军纪念园,22.86151,114.42761
霞涌,22.774886,114.665282
惠州龙门天然（尚天然）温泉度假村,23.797902,114.258067
川龙瀑布,23.631117,113.884406
万寿古寺,23.7357,114.259
南海洋水母王国,22.692772,114.763396
惠东狮子岛,22.605244,114.849718
观世音菩萨像,23.2761,114.052
鸽子岛,22.84557724,114.8143883634
仙霞瀑布,23.63936,113.871872
双月湾观景台,22.569672,114.911511
大星山炮台,22.5520629883,114.8945556027
蓝田瑶族风情园,23.873234,114.238773
碧水湾温泉度假酒店,23.2790685071,115.0427464147
黑排角,22.633252,114.93395
九龙峰,22.9521484375,114.7929917497
惠东湿地公园,22.7359,114.944
拔云寺故址,23.2948,114.021
新星儿童乐园,23.1706,114.277
119消防主题公园,23.1769,114.297
傅罗休闲谷,23.2262,114.348
博罗县博物馆,23.1688232128,114.2929457285
华首寺,23.26023,114.025903
西来古刹,23.1468830109,115.135980123
乐乐堂童幻天地游乐园(惠东店),22.9808,114.721
三王宫,22.9876,114.72
黄龙古观,23.254572,114.036587
金禧丽景水上世界,22.690971,114.762453
南昆山大观园欢乐水世界,23.619901,114.038689
大辣甲岛,22.581248,114.658775
富力湾水云天古村落,22.793887,114.837722
五矿冰雪王国,23.183251,114.338345
塔山森林公园,23.7213077545,114.2696441571
天后宫,22.696569,114.76592
惠州昆山峡森林海漂流,23.6474838257,114.037341312
长津冰雪大世界,23.2064415383,114.006762732
那里花开主题公园,23.29705,114.078677
九曲桥,23.1004180908,114.4038322396
黄河魂水利风景区,23.733996709,114.2544656078
大观园CS野战场,23.6204,114.035
观音阁镇文体休闲广场,23.4096,114.594
永汉区革命烈士纪念碑,23.5716,113.975
亚婆角海滨旅游区,22.789074,114.735043
情人沙滩,22.7014217377,114.7698190054
三寨谷森林公园,23.60039,113.954971
观背村,23.168463,114.276812
盐洲岛杨屋村海滩,22.7229104272,114.9436255346
古田自然保护区,23.114823,114.80246
盐洲岛湾仔南海湾沙滩,22.7359353897,114.944492226
西班牙风情水上乐园,22.5997508326,114.8892810832
桂峰山,23.817111969,114.0616095146
博罗东山省级森林公园,23.1757,114.313
熊猫黄金海岸,22.78142,114.684656
南昆山川龙峡漂流,23.646454,113.904182
欧美城文化小镇,23.169519,114.434653
龙华旭日古村落,23.201035,114.121444
城门楼,22.6205101013,114.8960040109
嘉义庄,23.6264133453,114.0487621932
九重远眺,23.633931,113.881036
一线天,23.618945,113.860529
惠州博物馆,23.112164,114.424512
南山漂流,22.947949,114.850527
激战鲨鱼岛,23.049,114.718
酥醪观,23.331433,114.013751
朝京门,23.104952,114.411034
永记生态园,23.0466,114.712011
礁石公园,22.793772,114.721572
狮子山观音寺,22.764,114.527
南阳世居,22.849331,114.466653
碧海湾山海峡漂流,22.687582016,114.5189538923
泗洲塔,23.09836,114.403684
望江亭,23.1012134552,114.4127752937
三门岛,22.464538,114.642719
长荣水上乐园,23.4459327569,114.5940092473
海纳号渔人码头,22.5772028892,114.9038971992
象山观音寺,22.8716,114.458
企石镇江滨公园,23.0875,114.037
南昆三寨谷,23.5975,113.956
祖庙,22.8096,114.478
孩子堡儿童乐园,23.5725,113.979
哈乐迪尼儿童乐园（龙溪店）,23.142,114.137
罗浮山玉兰生态农场,23.2774,114.103
三太子宫,22.7993,114.456
楚楚画廊,23.2477966494,114.1492371038
金洋·花海,22.7293290154,114.5352463755
浅澳沙滩,22.5668739169,114.902352284
响水河生态休闲乐园,23.3101959229,114.2090813643
喜洲岛,22.668784,114.614783
皇思扬古围村,23.0340957642,114.9566101514
白盆珠水库,23.0948257446,115.0945625922
观音潭,23.640676,113.860906
狮子峰,23.265338,114.067445
东升岛,22.685665,114.519597
永福寺,23.081314,114.386093
丰渚园,23.105172,114.400487
多祝镇影剧院,23.0324,114.952
惠东县大岭镇千手观音,23.004,114.693
象头山,23.311526,114.407294
流动图书馆(博罗分馆),23.1688192942,114.2929387077
御景峰国家森林公园,23.1962947845,114.7847448405
惠州科技馆,23.113885,114.423209
德泽园白金堤演绎广场,22.6698,114.748
八角亭,22.9824,114.854
龙亨古寺山顶公园,22.7681,114.984
归龙寺,23.2818,115.061
白马埔村文化广场,23.5218,114.343
基督教堂大岭堂,23.0168,114.702
狮朝洞古庙,22.9689,114.713
花果山传奇庄园,22.9947780549,114.6255542126
飞云顶,23.2907180786,114.0461697066
名人蜡像馆,23.1840036873,114.3372508726
金银滩沙滩,22.6707424618,114.751343853
American Tourister(吉之岛店),23.0922048181,114.4356671547
鹰嘴岩,23.276244,114.052216
南海石化城,23.0925362432,114.4270938832
巽寮湾荷花小镇,22.6549713032,114.7655443507
东山森林公园北广场,23.1762,114.309
巽寮湾金海湾酒店私家沙滩,22.673388,114.749276
龙门庄加庄温泉度假村Zhuangjiazhuang Onsen Resort of Longmen,23.6214477297,114.0533158268
五矿哈斯塔特奥地利小镇,23.1806976809,114.3391250913
东方树玫瑰园,23.356,114.250044
地藏王寺,23.1184,113.854
石龙博物馆,23.1174,113.862
巽寮龙腾峡漂流,22.7041,114.777
镇隆影剧院,22.9404,114.318
江畔公园,23.1082,113.865
罗浮山宝田国际度假会议酒店-儿童乐园,23.2783,114.071
惠东县高潭革命文物馆,23.1945,115.317
帕乐菲尔亲子游乐园,23.1216,114.424
法藏精舍,23.2146,113.964
东江纵队纪念馆,23.2704,114.071
宠物公园熊熊屋,22.7997,114.725
森迪王国儿童主题乐园,22.7295,114.538
霞新杨包庙,22.7738,114.668
河滩公园,22.7413,114.524
丰湖书院-凉亭,23.0946,114.403
华罗庚纪念馆,23.0828,114.454
白鹤观,23.2591,114.056
MTRCAFE摩天轮(惠大店),23.1135,114.411
石龙西湖城市公园西区,23.1014,113.871
福隆古塔公园,23.0823,113.977
黄大仙公园,23.0879,114.02
大世界广场,23.0384,114.353
纯阳宝殿,23.2701,114.071
金山湖公园二期,23.0696,114.439
一嗨租车(TPARK公园送车点）,23.0303,114.361
惠东县多祝镇龙岩寺,22.9327,114.875
爱迪儿儿童乐园,23.1202,114.433
云天海原始森林度假村-凉亭,23.6123,113.884
大雄宝殿,22.7999,114.656
高空滑梯,22.6581,114.81
博罗博物馆Boluo Museum,23.7332652172,114.2638971986
御上明珠温泉度假村,23.2705792349,115.0420051284
木村画廊,23.1756097485,114.2993682251
白庙戏剧场,22.609152471,114.898658009
锦鲤恐龙展,23.0895711741,114.4201179682
惠州国画院,23.088266521,114.421814594
惠州滨江公园,22.8729821019,114.3433868649
惠阳大剧院,22.7934974012,114.4606193461
莱蒙水榭湾沙滩,22.783637549,114.756418706
西枝江水上乐园,22.9815541062,114.7077822254
大湖美术馆,23.0941536927,114.4610650492
博艺画廊,22.7897892204,114.4765137302
虎州岛,22.778719,114.677957
香溪湾,23.568126,114.116642
大亚湾婚纱摄影,22.78793,114.69529
罗浮山航天育种基地,23.239128,114.169754
小桂湾风景区,22.686923,114.520095
黄家祠,23.0934314728,114.4074154954
百丘田,22.9550647736,114.7109017124
白云嶂,22.9036750793,114.2672269921
四方山,23.3048152924,114.0062607782
孤山,23.0992507935,114.4009707743
同和生态园,22.6199188232,114.8457353106
下埔滨江公园,23.090119,114.4185
惠州水帘洞漂流,23.7654304504,114.0876168552
金桔自然保护区,22.845158,114.578456
城隍庙,22.6205101013,114.8960041135
七星井,22.617739,114.878206
将军拜佛,23.638325,113.893626
元帅楼将军楼,23.270482,114.069622
东坡亭,23.269719,114.069178
飞来石,23.268442,114.06861
梅山别梦,23.26679,114.07279
平安山生态旅游风景区,23.3199337604,114.3226902321
巽寮极速卡丁车游乐场,22.688599,114.76466
东坡园,23.0997371674,114.4028918639
磨子石景区,22.64741,114.754767
洗药池,23.265504,114.072244
昆山峡漂流,23.632503,114.037131
阿胖多水上乐园,23.182219612,114.2806496467
俄罗斯皇家大马戏,22.680054,114.755961
仙圣宫,22.7182,114.862
白云寺,23.1271,115.207
将军庙,22.619,114.885
黄大吉广场,22.7894,114.951
惠东县宝莲寺,22.9729,114.794
千年龙华古庙,22.9482,114.741
庆云寺,22.8904,114.775
平海影剧院,22.6198,114.883
庙仔园,22.6609,114.84
龙门县龙华镇龙华寺,23.6189,114.202
四方水上乐园,22.6991057196,114.7678335021
年顺画廊,22.991148356,114.7309006481
东沙公祠,23.0994,113.87
延祥古寺,23.2597,114.008
德泽园海尚的士尼乐园,22.6704827743,114.7498626433
金源马赛克厂,23.1695752313,114.250614476
南昆山桦语温泉公寓(原桦语酒店),23.6001420552,114.0141018893
拨云寺,23.2951412201,114.0203937156
万嘉欢水上乐园,23.185455,114.335201
葛洪博物馆,23.1688131054,114.2928456074
供销社同心广场,23.0049,114.715
太阳游乐园,22.9818,114.725
欧仙寺,23.1233,113.876
足球场,23.1373419493,113.978483156
好奇岛儿童乐园（惠州）,22.7646408081,114.9636064214
惠州巽秀剧场,22.692792,114.762705
海螺广场,22.689,114.763
儿童乐园,22.9814,114.72
福生,23.5777,113.978
妙趣多儿童乐园,23.1756,114.31
东莞黄大仙庙,23.0871,114.021
帆影广场,22.7254,114.754
巽寮世方水上乐园,22.7016358477,114.7619885773
龙门影剧院,23.7326889252,114.2642694014
巽寮湾金色沙滩度假酒店,22.6719162976,114.74966703
龙门县图书馆,23.7334320445,114.2639794151
关帝庙,23.1936,114.354
多美丽海洋玉髓,23.2189035432,114.4203866232
鸿运沙场,22.7978,114.923
园洲公墓园,23.1615,114.014
博罗县图书馆福田流动图书室,23.2217370314,113.9762343224
博罗县图书馆杨村流动图书室,23.4317040993,114.474844196
心语花店画廊,23.14443887,114.1415509286
文华影剧院,22.7617386191,114.9681778639
朵拉儿童乐园,23.2188,114.05
金雅画廊,23.1651374707,113.9370133124
莆田文化广场,22.8604,114.634
博艺画廊,22.9890328253,114.7305403959
阿尔贝特乐园,22.9219118781,114.6609759944
鸿锦画廊,23.1309131582,113.968871215
时尚工艺画廊,23.1313475801,113.9696289504
莱茵河原生态农场,23.595085144,114.4019113673
三仙宫,23.6387,113.871
惠东狮朝洞,22.954808,114.716947
惠州南山漂流,22.947912,114.850479
滨江公园水上乐园,23.0899050637,114.419486948
合江樓,23.0974764442,114.4158810022
东升岛,22.679916,114.538988
中惠大酒店-歌剧院,22.7851,114.457
开心宝儿童乐园,23.1381,113.979
时尚公园停车场(入口),23.0313,114.361
石龙举重博物馆,23.1131,113.867
下坑一区六巷,23.043,114.358
小金口文化中心影剧院,23.1773,114.428
下黄村影剧院,23.1493,114.429
岗头村文化广场,23.036,114.137
山和广场,23.0254,114.125
梁屋高头村影剧场,23.129,113.945
莲华庵,23.0905,114.436
金沙湾广场,23.1106,113.881
莲城影剧院,23.0262,114.106
谭公圣庙,22.9796,114.224
二帝宫,23.0989,113.996
水贝村文化广场,23.73,114.24
石崇公园,23.1078,113.975
湖滨公园(湖滨路),23.1143,114.481
基督教迳背福音堂,23.0122,114.1
柏塘文化体育广场,23.3897,114.367
慈悲娘庵,23.2497,114.676
邓氏宗祠,23.0851,113.977
白莲寺,23.2927,115.283
宝石影剧院,23.0788,114.031
红女广场,23.4849,114.529
鉴证英雄世界徽章军品博物馆,23.0615,114.396
谢岗广场,22.9676,114.154
星河歌剧院,22.7855,114.457
善域公园,23.0733,114.028
海韵广场,22.7735,114.663
碧泉水上乐园,22.684,114.512
埔前水族馆,23.1079,114.402
永湖影剧院,22.9472,114.507
幸福宝贝大世界儿童乐园,23.0379,114.354
多喜乐儿童乐园(南湖店),23.0815,114.411
奇幻岛探索乐园(佳兆业店),23.1203,114.425
嗨乐儿童乐园,23.0811,114.41
激战奇轮,23.0924,114.437
惠州体育公园跆拳道总会天天润购物广场分会,23.1941,114.415
金贝儿儿童主题乐园,23.0724,114.437
兴隆体育广场,23.1914,114.419
树阵广场,23.0705,114.435
清湖文化广场,23.0459,114.072
金贝儿冰雪主题乐园,23.0721,114.437
青云社区文化广场,22.9777,114.705
黄塘社区文体广场,23.0924,114.402
咖啡公园,23.0876,114.424
东进农牧文化广场,22.8619,114.626
梦想星剧场,23.0114,114.319
沥林文化广场,22.9831,114.236
浅水湾,22.7811,114.681
旱圹文化广场,22.8727,114.346
下圩广场,22.7535,114.966
七彩滨江公园,23.1547,114.283
关氏武帝祠,23.1694,114.064
儿童乐园,23.1726,114.414
公庄天主堂,23.5394,114.39
法治文化长廊,23.0895,114.446
新懿儿童游乐园,23.0811,114.418
咪哒,23.0742,114.423
游乐设施,23.0924,114.437
066极限运动俱乐部,23.1135,114.411
咪哒,23.1223,114.425
多多岛,23.1225,114.425
淘气宝欢乐天地,23.1379,114.429
小猪嘟嘟,23.1092,114.422
奇幻岛儿童探索乐园,23.1223,114.425
彭氏宗祠,23.3995,114.373
陈培基故居,23.0957,114.41
SOCCERSOCCER,23.0799,114.42
鹿江公园,23.0818,114.448
成语公园,23.0783,114.433
陈炯明史料馆,23.1023,114.395
南雁公园露天吧,23.075,114.428
财神殿,23.2557,114.035
童年时光儿童乐园,23.0823,114.394
乐乐堂游乐园(惠东店),22.9805,114.722
小河马儿童乐园,23.1954,114.413
博罗投资环境展示厅,23.1853,114.322
儿童乐园,23.1042,113.866
大雄宝殿,23.2614,114.025
蓝精灵儿童乐园,23.1251,114.442
咪哒,23.0101,114.332
淘气猫儿童乐园,22.8984,114.492
惠州市惠阳区基督教淡水福音堂,22.813,114.457
室内儿童主题亲子乐园,23.1941,114.415
惠州火车站广场,23.1574,114.423
惠州市吉祥寺,23.1136,114.438
神采飞扬游乐公园(鄞州万达店),23.1135,114.411
慈航殿,23.2557,114.035
惠州学院-校史馆,23.0442,114.428
游乐设施,23.0806,114.418
哈乐迪尼儿童成长乐园,23.0827,114.402
嘉佑寺,23.0787,114.43
基督教惠州麦地堂,23.0777,114.415
罗浮山公墓,23.2597,114.008
古墓科考,23.2083,114.376
麒麟山公园,23.1813,114.417
光耀植物园,23.0073,114.482
哈哈乐趣,23.112,114.462
万家福儿童乐园,23.1754,114.621
东莞凤凰亭,23.0336,114.113
迪乐尼儿童主题乐园（惠城店）,22.9802,114.233
惠洪葡葡人家生态园,23.1695,114.517
小河马亲子乐园,23.1877,114.415
HELLO BABY儿童成长世界,23.01,114.333
石门寺,22.9846,114.375
潭头森林公园,23.1349,114.625
淡塘天主堂,22.9671,114.52
健贝乐儿童乐园,22.8713,114.342
开心哈乐儿童乐园（秋长店）,22.835,114.437
童年阳光,22.7777,114.483
基督教福音堂,22.809,114.479
游乐设施,22.7925,114.458
大亚湾基督教会,22.7717,114.486
佳贝爱儿童乐园,23.1303,113.959
惠州好人展馆,23.1126,114.424
七彩童年儿童乐园,23.1216,114.424
blueparkbluepark,23.0623,114.423
兑币机,23.0627,114.423
金太阳儿童乐园,23.0825,114.42
淘气堡儿童乐园,23.068,114.431
郑氏宗祠,23.0852,113.977
永福寺,23.0813,114.386
韵,23.0708,114.414
欢乐王国儿童乐园,23.1043,113.864
春宇公祠,23.0994,113.87
东征遗址,23.086,114.405
基督教惠州江北恩惠堂,23.131,114.451
盘龙古寺,22.8447,114.508
大岭山泉水库农庄,22.7862,114.681
游乐设施,22.7934,114.457
纪念馆照相店,22.7955,114.485
奥乐奥微乐谷儿童乐园,22.7845,114.486
基督教永湖堂,22.9486,114.508
崇林世居,22.9399,114.31
嘉文儿童乐园（万联店）,22.7908,114.47
大亚湾板樟岭公园,22.7459,114.471
虎头山,22.7416,114.534
马安镇基督教会,23.048,114.507
观云居,23.0888,114.415
扎炮啤酒广场,22.9629,114.138
多彩堂趣味乐园,23.1095,114.421
绵上天唐,23.1043,113.864
愤怒革命,22.799,114.477
华阳露天啤酒广场,23.1265,114.511
瑞泰广场,23.0345,114.357
格墙有尔,23.0362,114.374
福地灯光夜市,23.0841,113.967
优格公园（石龙店）,23.1154,113.861
邵岗头文化广场,23.0435,114.116
横沥地区人民革命烈士纪念碑,23.1741,114.632
燕岭摩崖石刻,23.1019,113.9
长龙清泉游乐场,22.9074,114.328
惠州仲恺高新区可口可乐历史文化陈列馆,23.0259,114.347
深巷公园,23.0831,114.09
三和广场,22.8974,114.496
莲湖公园,23.0198,114.107
飞卿张公祠,23.0994,113.87
星期六儿童成长主题乐园,23.0188,114.329
星期六儿童成长主题乐园,22.8188,114.473
鸿兴沙场,22.7437,114.512
富力·丽港中心豪华会所,23.1053,114.418
公庄镇文化体育广场,23.5449,114.396
安墎太平文化广场,23.1955,115.013
宝口文化广场,23.224,115.205
光耀社区文化广场,23.095,114.445
惠阳大剧院站自行车租赁点,22.7933,114.461
园洲城市长廊客厅,23.1361,113.985
儿童乐园,22.7933,114.457
童欢儿童主题亲子乐园,22.8682,114.339
地藏殿,23.2611,114.026
东风文化广场,23.0967,114.233
提莫,23.0847,114.418
金太阳儿童游乐场,23.0841,114.418
友唱,23.0876,114.416
游乐设施,23.0885,114.43
爱乐游（广东惠州港惠店）,23.0731,114.423
木马人儿童乐园,23.0126,114.326
动物王国,23.013,114.325
第1现场,22.7764,114.482
吴氏宗祠,22.7694,114.385
摇摇车,22.7994,114.477
财神殿,22.8005,114.655
仍图观音寺,23.184,114.581
萌宝多肉植物园,23.1457,114.403
都市钓鱼山庄水上乐园,23.1135,114.411
钟氏宗祠,23.1279,114.419
帝景儿童乐园,23.0663,114.42
奇乐儿儿童乐园,23.0925,114.437
刘九故居,23.0973,114.413
春城公园,23.073,114.027
桥头儿童乐园,23.02,114.094
惠城区三栋镇普陀观音寺,22.9764,114.429
沙沙世界,23.0313,114.363
基督教谢岗聚会点,22.9704,114.157
友唱,22.7982,114.478
金碧湾游乐场,22.7792,114.679
欢乐小玩家,22.7765,114.482
儿童乐园,23.1275,114.428
游乐设施,23.1067,114.466
侯宝垣纪念馆,23.2624,114.035
基督福音堂,23.0389,114.37
惠州大云寺(千年古刹),23.1066,114.434
快乐小熊,23.0742,114.423
永息庙,23.0819,114.432
景贤祠,23.0995,114.402
大雄宝殿,23.1013,114.401
桥头体育中心-游乐场,23.0252,114.108
仲恺公园,23.05,114.36
惠州金山河白鹭栖霞,23.0614,114.432
金邦公园一号,23.0488,114.359
奇乐儿,23.0884,114.43
黄竹浪基督教堂,23.062,114.734
盘古仙王殿,22.8282,114.295
黄金海岸东兴游乐场,22.7814,114.685
童星儿童乐园,22.7929,114.482
德国曼酥勒,23.0125,114.094
市民乐园,23.114988358,114.4247908279
惠州文化艺术中心,23.1171425621,114.4269272273
足球猎人国际青训俱乐部,23.0422591453,114.425036418
兴英汇足球俱乐部,23.0641708583,114.461428251
美骏跑马场,23.1838226175,114.362991142
湖山村足球场,23.0577701399,114.455265674
雷曼球场,23.1282971948,114.524279896
魔豆双语阅读馆,23.0959194738,114.443578841
星空,23.0806593896,114.4140716786
海洋鲜生,23.0622998435,114.4226997415
侨场影剧院,23.0433149071,114.3053350608
楚轩画廊,23.0954057959,114.4342157757
海洋饰品批发,23.0062808267,114.3256718414
君临画廊,23.0058261295,114.333538054
名珍堂画廊,23.0105886143,114.3194587544
如竹阁画廊,23.1314368371,113.975705341
兴雅画廊,23.0773452541,114.4156010026
山水缘画廊(第二分店),23.0929080789,114.4324458161
众鑫画廊,23.1105403507,114.4628812906
芭比艺术中心,23.1405952705,113.8722876759
东方画廊(文广路),23.1334772424,113.9738742854
金雅画廊,23.1313054628,113.9675919044
惠坊画廊,23.0961833354,114.4240999773
源美画廊,23.1313303142,113.9696289546
惠州市文化馆,23.1179657356,114.4248769871
威尼斯奇幻冰雕艺术馆,23.1191849694,114.4678118033
来壹,23.04009375,114.370311029
福林动漫水上乐园,23.0047152212,114.316819795
LADYLADY,23.0876067634,114.415738321
刘屋村社区图书阅览室,23.1259191639,113.9692168431
coffee housecoffee house,23.021839168,114.355046066
高建硅胶(惠州总代理),23.0685926561,114.418240962
8El8El,23.1741051174,114.296528466
铁路边影剧院,22.9839725684,114.232157823
供销大厦,23.1215779382,114.419199776
世宇乐园,23.0833892602,114.415225408
韵动地带(源东大厦店),23.0868331782,114.416901916
世宇乐园,23.0862201804,114.3701290807
公园乡菜馆,23.075131446,114.427858653
韩宝斋艺术画廊,23.1130156526,114.4256418719
文化艺术中心文化馆,23.1162326648,114.4266890183
港惠新天地游泳池,23.0733492194,114.4223169412
墩子自然保护区,23.5635609818,114.3917055511
上臻园文化艺术馆,23.0902310981,114.4255563238
东博物馆,23.0089724216,114.7088420513
芳菲艺术画廊,23.0964103534,114.4083975264
青旅麦地门市部,23.0759012636,114.4115685437
欢乐岛游乐园,23.1203430047,114.4329418778
大千艺术馆,23.1195338997,114.4300711481
龙城精艺广告画廊,23.7268332771,114.2727187771
家家欢儿童乐园(三栋店),22.9925362032,114.4581315181
乐奇多儿童游乐场,23.0806982848,114.4187972892
金迪水世界,23.063081351,114.3938154451
开心乐园,23.0946498405,114.42302276
海贝儿童乐园,22.9926963383,114.7287491439
悠贝亲子图书馆,22.9836311035,114.713548903
园林建筑规划设计院,23.1092044711,114.4199375821
岭南红木书画艺术馆,23.0782896625,114.4180117895
韵动地带(世贸中心海雅店),23.0829390872,114.422285686
雅居乐水上乐园,23.1995865323,114.4665443106
史莱克画苑,23.0752692286,114.4190274629
好奇岛儿童游乐园,23.0067260092,114.3239049072
古仁轩书画苑,23.0960809263,114.4577831209
传奇水族馆,23.1140079568,114.4151790496
魔幻丛林游乐场,23.0871150995,114.4085880556
东坡纪念馆,23.0814294029,114.4093757965
宝塔岛,22.7676680543,114.6676752396
家路歌剧院,22.792269328,114.4880884554
下沙村黄金海岸,22.7799500926,114.6777806864
名人堂画廊,22.7905050361,114.475418269
惠州市四季绿畜牧科普园,23.0806213097,114.602239569
黎氏遵义沙滩羊肉粉,22.7944284368,114.4672979052
东方画廊,22.7908792914,114.4752368902
绿林盆景园,22.8151946909,114.4710401864
军盛画廊,22.7924789158,114.4749521469
立新画廊,22.7902444968,114.4757793914
鼎艺华画廊,22.7899084592,114.4764173087
南海度假村,22.7747206046,114.6585818657
亚维浓生态园,22.9642580493,114.5363499116
海滨沙滩浴场,22.7817532194,114.683908254
老蒋画廊,22.7908353648,114.4752448432
笆笆莎时尚内衣艺术馆,22.7989346417,114.4717036698
霞涌二黄金海岸游乐场,22.7807761524,114.681306932
天色湾,23.0952176805,114.4083223614
骋幽轩画廊,22.7917520106,114.4750961058
清新假日短途旅行,22.7556794505,114.527627778
敬文轩信息技术有限公司,23.1768158719,114.2976728795
惠阳亿家欢超能泡泡水上乐园,22.834669223,114.3960549046
光辉水上乐园,23.1248501468,114.46656071
开心哈乐,23.1941020168,114.414986675
悠贝亲子图书馆(江北馆),23.1175511829,114.414435478
嘻哈乐园游乐场,23.0302851685,114.3607593408
华贸天地划划乐,23.1099265316,114.4209620214
乐缤纷亲水乐园,23.1136572539,114.4765823252
深圳市汇艺油画有限公司,22.8005790852,114.4767544266
会展中心水上乐园,23.1079962808,114.4263409057
恒创3D画展,23.0985500329,114.4102387451
乐贝儿儿童游乐场,23.1201884307,114.4328401121
景乐园商务大厦,22.7612290133,114.4959362045
惠东熊猫沙滩,22.7755304863,114.6656756212
青青世界,23.0376592067,114.35241918
惠东国际展览中心,22.965269233,114.7066044111
惠州市惠阳区档案馆,22.7957817764,114.4606720794
京华艺术馆,23.0704592251,114.4112459519
聚贤堂书画艺术馆,23.0737428384,114.419886362
东江沙游乐场,23.0978524606,114.432457821
惠阳区图书馆,22.7947080434,114.4610955495
鳄鱼岛,23.1006248078,114.3965078963
惠州会展中心,23.1076203598,114.4263342878
龙岩生命纪念馆,22.852635103,114.5505144587
点加画映,23.0922317716,114.4130493674
薰衣草,22.7684935936,114.4402262542
惠州市惠城区档案馆,23.0922745537,114.3852727222
莲华生命纪念馆,22.8566325409,114.5456824055
惠州市动漫文化交流协会,23.040898693,114.4530802203
惠城区图书馆,23.1015106584,114.4124024308
蓬莱书画院,23.1042876718,114.4050254173
新建社区阅览室,23.0937565703,114.418066976
观石堂画廊,23.0799118959,114.4160050161
欢乐堡玩具城,23.0849162245,114.4171533431
第八届中国(深圳)国际机械及模具工业展览会,23.0295854876,114.4374764045
西湖旅游总公司东征史料陈列馆,23.0869269912,114.4037409008
祥发框业画廊,22.7903751624,114.4753313504
公用事业信息档案管理中心,23.09394294,114.4154161199
中国农民画博物馆,23.7991700685,114.2603560339
流动图书馆(惠东分馆),22.9835696674,114.7135978559
牡丹红画馆,23.0898257953,114.4594540722
惠州国画院(文华一路店),23.1200848847,114.4164534752
东图书馆,22.9835575575,114.7135878906
惠州市城建档案馆,23.0864028076,114.4220308735
兰亭书画廊,22.9826626766,114.7300800726
澳之景水族馆,22.7230801097,114.5460662823
惠州东江游码头,23.097117,114.417682
大亚湾出海捕鱼体验,22.7085332549,114.7525551277
逍遥谷,22.8730049133,114.3421348336
白鹭湖,23.206274,114.44933
北湖公园,23.1111507416,114.4279875614
铁门扇村,22.853017807,114.466991615
横岭松涛,22.8094921112,114.2843089579
邓演达纪念园,22.9951934814,114.5038849429
邓演达故居纪念馆,22.9949016571,114.5040985114
点翠洲,23.1008853912,114.4047955872
湖心亭,23.0960426331,114.4050795855
荷花亭,23.1038398743,114.4003760652
芳华洲,23.1017036438,114.4044344343
丰山,23.1040248871,114.398728448
元妙观,23.1045074463,114.405254818
金海生态园,22.6192893982,114.8452455318
高榜山,23.088597,114.380714
油田漂流矿泉景区,23.6330738068,114.037014901
狮朝洞,22.9552364349,114.718168641
墩子自然保护区,23.3165817261,114.6530570947
拱北桥,23.1057338715,114.4096722592
东坡井,23.0118846893,114.4453165244
竹柏凉园,23.625488,113.878341
石河奇观,23.647321,113.894492
七仙湖,23.665249,113.928009
东江纵队纪念馆,23.270409,114.071418
白莲湖,23.268284,114.07154
会仙桥,23.269371,114.071361
仙人卧榻,23.26816,114.067165
遗履轩,23.268172,114.067212
清泉古寺Spring Temple,22.799992,114.655965
博罗县航天育种示范基地,23.242478,114.175376
小辣甲岛,22.618515,114.638537
范和村,22.81739,114.825899
龙印生态园,22.706194,114.755895
冠和博物馆,23.0432949066,114.4313768778
小桂湾野炊农家乐,22.710963,114.529567
稚川丹灶,23.269853,114.069358
文笔塔,23.098576,114.414413
文昌阁,22.8008091576,114.6558606967
惠州大桥,23.106138,114.409593
六如亭,23.09944,114.402428
合江楼,23.097637,114.416107
东新桥,23.1040306593,114.4211812377
朝云墓,23.0988960266,114.4003960202
雷公峡,23.352576,114.288473
龙门水帘洞漂流,23.768969,114.087306
