香港迪士尼乐园Hong Kong Disneyland,22.315234,114.053896
太平山顶Victoria Peak,22.277315,114.154925
维多利亚港Victoria Harbour,22.291028,114.188421
香港海洋公园Hong Kong Ocean Park,22.241631,114.176588
石澳Shek O,22.235256,114.262947
旺角Mong Kok,22.322493,114.180819
铜锣湾Causeway Bay,22.283203,114.195464
中环摩天轮Hong Kong Observation Wheel,22.288391,114.17321
庙街Temple Street,22.310475,114.181775
尖沙咀Tsim Sha Tsui,22.300884,114.183661
星光大道Avenue Of Stars,22.295925,114.185298
香港天际100观景台Sky100 Hongkong Observation Deck,22.306404,114.171764
大屿山Lantau Island,22.263073,113.960742
长洲岛Cheung Chau,22.2118930817,114.0401927617
南丫岛Lamma Island,22.200861,114.144708
香港杜莎夫人蜡像馆Madame Tussaud's Hong Kong,22.274499,114.161222
香港大学Hong Kong University,22.286457,114.1486
怪兽大厦,22.2874523631,114.2236378163
中环Central,22.284725,114.170646
黄大仙祠Wong Tai Sin Temple,22.345962,114.205626
史努比开心世界Snoopy's World,22.38283,114.199119
中环至半山自动扶梯Mid-levels Escalator,22.284324,114.164113
美国小镇大街,22.315921,114.054795
花园街Fa Yuen Street,22.321978,114.182746
湾仔Wan Chai,22.280045,114.18459
TVB大本营,22.3152351379,114.2681482334
彩虹邨Choi Hung Estate,22.3391187092,114.2187828426
浅水湾Repulse Bay,22.239829,114.207827
通菜街Tung Choi Street,22.327788,114.18095
跑马地赛马场,22.277408,114.192166
西贡Sai Kung,22.320306778,114.2711206179
金紫荆广场Golden Bauhinia Square,22.286988,114.185272
昂坪360缆车Ngong Ping 360,22.259372,113.912742
弥敦道Nathan Road,22.314649,114.182468
香港科学馆Hong Kong Science Museum,22.303922,114.189089
山顶缆车The Peak Tram,22.280845,114.170962
煤气灯街Duddell Street,22.283002,114.168655
蒲台岛Po Toi Island,22.172518,114.271121
香港历史博物馆Hong Kong Museum of History,22.304633,114.188923
香港太空馆Hong Kong Space Museum,22.297129,114.183467
大澳Tai O,22.26153,113.867207
油麻地Yau ma tei,22.316237,114.182125
凌霄阁摩天台,22.274461,114.161486
天坛大佛,22.256961,113.916377
PMQ元创方,22.286476,114.163118
塔门Tap Mun,22.472748,114.372517
山顶广场,22.2763983748,114.156469761
荷李活道Hollywood Road,22.2873153687,114.161772412
大浪湾Hong Kong Dalang Bay,22.2484283447,114.2621201185
SoHo荷南美食区,22.2858305632,114.1655534746
皇后大道东Queen's Road East,22.2776203156,114.1840264942
香港湿地公园Hong Kong Wetland Park,22.471915,114.019011
香港动植物公园Hong Kong Zoological & Botanical Gardens,22.281038,114.167125
前九广铁路钟楼Hong Kong Clock Tower,22.29651,114.181065
幻想世界Fantasyland,22.315433,114.051342
深水埗Sham Shui Po,22.328074,114.16736
诚品书店（铜锣湾店）Eslite Causeway Bay Store,22.282702,114.195267
赤柱Stanley,22.222606,114.223652
凌霄阁Peak Tower,22.274545,114.161218
疯狂过山车,22.239335973,114.177240162
庙街夜市Temple Street Night Market,22.314412,114.181745
艺穗会Fringe Club,22.27755,114.160753
流浮山Lau Fau Shan,22.4400539398,113.9710483284
砵甸乍街Pottinger Street,22.286493,114.167575
尖沙咀海滨花园Tsim Sha Tsui Promenade,22.299953,114.189648
圣约翰座堂St. John's Cathedral,22.281785,114.17165
沙田马场Sha Tin Racecourse,22.404276,114.21664
添马舰空中花园HMS Tamar,22.284554,114.177299
“星梦奇缘”烟花表演,22.315691,114.054709
香港赛马会,22.2802550182,114.187223195
海味街Seafood Street,22.28906,114.164297
九龙公园Kowloon Park,22.303316,114.181634
楼梯街Ladder Street,22.286891,114.161129
挪亚方舟Noah's Ark,22.350525,114.072269
黄家驹墓,22.2986249383,114.2521212964
香港港澳码头Hong Kong Macau Ferry Terminal,22.291187,114.163746
贝澳营地Pui O Campsite,22.2432670593,113.9884731081
香港中文大学The Chinese University of Hong Kong,22.419816,114.216507
香港会议展览中心Hong Kong Convention and Exhibition Centre,22.2854423523,114.1845365786
香港海洋馆,22.2425989602,114.1796148405
迪士尼飞天巡游,22.315892,114.054359
将军澳华人永远坟场Tseung Kwan O Chinese Permanent Cemetery,22.302466516,114.254135877
香港集古村Hong Kong Jigu Village,22.2411422729,114.1909605295
梅窝Mui Wo,22.272844,114.010202
天星码头Star Ferry Pier,22.295938,114.180058
百老汇电影中心,22.3247258036,114.1856728721
沙田Shatin,22.385149,114.198741
金鱼街,22.325969,114.181212
皇后像广场Statue Square,22.284117,114.171374
励德邨Lai Tak Tsuen,22.2836405389,114.198780135
铜锣湾天后庙Tin Hau Temple,22.28523,114.204008
荃湾Tsuen Wan,22.377601,114.128882
麦理浩径6段尾7段头,22.3815,114.156
明日世界Tomorrowland,22.317081,114.053363
西贡海鲜街Sai Kung Promenade and Seafood Street,22.383042,114.284122
青衣Tsing Yi,22.3525466919,114.1113021324
观塘Kwun Tong,22.315587,114.237779
宝莲寺Po Lin Monastery,22.258406,113.919239
圣玛加利教堂St. Margaret's Church,22.2769584656,114.1961178268
时代广场Times Square,22.2839659779,114.1884304448
野外香港一日游,22.2888,114.227
亚洲国际博览馆Asia World-Expo,22.323695,113.9547
红磡Hung Hom,22.305971,114.193271
东荟城名品仓Citygate Outlets,22.293547,113.954117
东涌Tung Chung,22.291765,113.952763
西贡码头Sai Kung New Public Pier,22.3869184553,114.2804597616
香港立法会大楼Legislative Council Legco Building,22.283985,114.171882
香港艺术馆Hong Kong Museum of Art,22.296419,114.183588
启德邮轮码头Kai Tak Cruise Terminal,22.309229,114.224802
半月湾,22.369061,114.303171
海滨长廊,22.3657,114.112
西贡东郊野公园Sai kung East Country Park,22.404932,114.356653
原野剧场,22.3144723242,114.0538688147
泰山树屋,22.314333,114.053363
西九龙海滨长廊Kowloon West Promenade,22.3081489329,114.1610600852
李小龙纪念馆,22.3320629901,114.188427321
尖东海滨,22.298283,114.186048
香港老大街,22.2514318779,114.1821151388
礼宾府,22.2844662703,114.163979245
旺角警署,22.327311,114.180425
维多利亚公园Victoria Park,22.285794,114.200746
西环泳棚Sai Wan Swimming Shed,22.283607,114.129089
九龙寨城公园Kowloon Walled City Park,22.334629,114.201204
龙鼓滩,22.384722,113.937991
上环Sheung Wan,22.289636,114.163904
西洋菜街Sai Yeung Choi Street,22.325556,114.180849
旧中区警署Former Central Police Station,22.284822,114.16565
尖沙咀玫瑰堂Rosary Church,22.299755,114.181347
西环Western District,22.2888622284,114.1542500374
茶具文物馆Flagstaff House Museum of Tea Ware,22.2815189362,114.1739436929
加连威老道Granville Road,22.302624,114.184325
香港文化中心Hong Kong Cultural Centre,22.296968,114.181886
香港文化博物馆Hong Kong Heritage Museum,22.380168,114.196798
遮打花园Charter Garden,22.2838554382,114.1734405906
香港故事馆Hong Kong House of Stories,22.2794317824,114.180909975
万宜水库East Dam of High Island Reservoir,22.3763599396,114.3661418125
香港世界地质公园Hong Kong UNESCO Global Geopark,22.368032,114.390253
赛马会德华公园Jockey Club Tak Wah Park,22.37676079,114.1247056045
青马大桥Tsing Ma Bridge,22.353109,114.081612
香港理工大学The Hong Kong Polytechnic University,22.307476,114.190824
愉景湾Discovery Bay,22.295591,114.021598
城门水塘,22.3898277283,114.1534922846
飞鹅山观景台Kowloon Peak Observation Platform,22.336701,114.227995
香港黄金海岸Hong Kong Gold Coast,22.374666,114.004471
歌赋街,22.2900140294,114.1573448318
张保仔洞Cheung Po Tsai Cave,22.197902,114.023243
沙田奥运马术比赛场Hong Kong Olympic Equestrian Venue,22.396051,114.212458
香港公园Hong Kong Park,22.280135,114.173336
香港海事博物馆Hong Kong Maritime Museum,22.289648056,114.1735711829
车公庙Shatian Che Kung Temple,22.3763885498,114.194297243
电影资料馆Hong Kong Film Archives,22.288538,114.233303
大帽山,22.4122581482,114.1495028362
大屿山郊野公园,22.2598,113.999
海港城美术馆,22.2990282564,114.1805554917
九龙塘Kowloon Tong,22.340263,114.187352
将军澳Tseung Kwan O,22.2950401306,114.2697637758
姻缘石,22.27393,114.187907
森林河流之旅,22.3143265995,114.0522880952
太空飞碟,22.3164633329,114.0534526595
香港迪士尼乐园铁路－小镇大街火车站,22.3160907766,114.0556320621
东龙洲Tung Lung Island,22.251056,114.300962
香港终审法庭The Court of Final Appeal of Hong Kong Special Administrative Region,22.2826652527,114.17112097
香港大会堂Hong Kong City Hall,22.2853431702,114.1730683507
志莲净苑,22.343792,114.216864
狮子山Lion's Rock,22.3584747314,114.2107834832
葛量洪号灭火轮展览馆The Fireboat Alexander Grantham Museum,22.292746,114.230566
海洋剧场,22.2432338428,114.1780153067
三栋屋博物馆,22.369136,114.126053
汀九桥Ting Kau Bridge,22.3660755157,114.0922300837
油麻地天后庙Tin Hau Temple Yau Ma Tei,22.312859,114.182251
心经简林,22.2577781677,113.9251802426
文武庙Man Mo Temple,22.287166,114.161718
索罟湾码头Sok Kwu Wan Ferry Pier,22.209585,114.143072
七彩升空天地,22.2526360408,114.1813403784
AMC Cinemas(太古广场店),22.2830837764,114.1716129907
孙中山纪念馆Dr Sun Yat-sen Museum,22.2850322723,114.1622361096
洪圣爷海滩Hung Shing Ye Beach,22.2223415375,114.131331135
香港城市大学City University of Hong Kong,22.3405361176,114.1829523586
九龙清真寺Kowloon Masjid and Islamic Centre,22.3015499115,114.1833889123
屏山文物径Ping Shan Heritage Trail,22.449847,114.019185
香港特别行政区行政长官办公室Chief Executive's Office,22.2850713691,114.1766143656
士丹利街,22.284687,114.16774
圆玄学园,22.3899163323,114.1294670396
香港赛马博物馆Hong Kong Racing Museum,22.271176,114.184844
尖沙咀中心Tsim Sha Tsui Centre,22.300625,114.189336
又一城电影院,22.3247258036,114.1856728721
坪洲岛Peng chau Island,22.28043,114.046447
香港蒲台群岛Hong Kong Putai Island,22.1724376678,114.2709642471
新娘潭瀑布,22.5098377879,114.2457349616
香港中国旅行社（旺角店）,22.321861,114.183432
凤凰径Lantau Trail,22.2224807739,113.9253767488
大鹏湾Mirs Bay,22.5678596076,114.4555164288
香港海洋公园-高峰乐园广场,22.2372,114.182
翻天覆地,22.239335973,114.1772401622
北极之旅,22.239335973,114.1772401622
尚本堂,22.3183513052,114.1805260867
鹤咀灯塔158号 (法定古迹),22.2122,114.271
青龙湾,22.3645,114.062
宝马山道游乐场,22.2875,114.211
单车径,22.4366,114.216
威吧美食文化广场,22.5593,114.233
香港真光書院,22.2459036391,114.169712342
东涌侯王宫,22.2948943571,113.9622067592
aia欧陆嘉年华,22.2885476251,114.1732380383
香港理工大学塘校园,22.3385639341,114.193325715
香港体育学院,22.3974877121,114.213769915
鸭寮街Apliu Street,22.331756,114.175407
筲箕湾天后庙Tin Hau Temple(Shau Kei Wan),22.2835826874,114.2417726868
前法国外方传道会大楼Former French Mission Building,22.2826423645,114.1710749902
亚洲协会香港中心Asia Society Hong Kong Center,22.2788162231,114.1768013199
将军澳海滨长廊Tseung Kwan O South Waterfront Promenade,22.3025093079,114.2753264821
香港北角North Point  Hong Kong,22.294117,114.211828
西湾Sai Wan,22.29114151,114.1480059617
中环摆花街Lyndhurst Terrace,22.285616,114.165878
清水湾布袋澳,22.2793865204,114.3088523407
九龙湾国际展贸中心,22.327331543,114.2152295251
花墟道Flower Market Road,22.328159,114.183727
大围,22.376154,114.190028
上长沙泳滩Upper Cheung Sha Beach,22.2356510162,113.9588126107
奇幻庭园,22.312883,114.052441
动画艺术廊,22.3156696998,114.0546945959
灰熊山谷,22.312913,114.053885
米奇幻想曲,22.315129,114.052072
咸田湾,22.413067,114.386863
柴湾青年广场Youth Square,22.266661,114.248203
昂坪广场,22.2582092285,113.9165199012
赤柱海滨长廊Stanley Promenade,22.2244069967,114.2179540765
西贡南风湾,22.3821355382,114.340175143
东涌侯王古庙,22.2858505149,113.9378689835
东涌炮台,22.2809494903,113.9471126053
凤凰山,22.2509825541,113.9152883458
黄竹角咀,22.5174972007,114.3403084807
反斗奇兵大本营,22.311383,114.056194
鹤咀海岸保护区,22.2132460757,114.2647959514
水围南广场,22.5233080359,114.0707702532
新界,22.4923451181,114.0785561489
大东山Sunset Peak,22.2561073303,113.9644393393
YY9 Gallery,22.273790514,114.2488062486
上海街,22.3189365232,114.1757868726
探险世界ADVENTURALAND,22.314713,114.053366
香港立法院,22.2869490842,114.1728658589
原野美食,22.3191816998,114.0482232812
极速之旅,22.2422085047,114.1789967194
冲天摇摆船,22.239335973,114.177240162
熊猫山庄,22.2514318779,114.1821151388
皇后大道西Queen's Road West,22.290189743,114.156522743
榕树湾渡轮码头Yung Shue Wan Ferry Pier,22.230736,114.121381
赤柱旧警署,22.2219257355,114.2243828792
市镇会堂,22.3218551383,114.0519774564
香港高等法院High Court (Hong Kong),22.28111,114.17479
圣安德烈教堂St. Andrew's Church,22.305038,114.183999
中银大厦Bank of China Tower,22.282275,114.173101
美利楼Murray House,22.22132,114.221145
香港科技大学The Hong Kong University of Science and Technology,22.3395500183,114.2767840739
园圃街雀鸟公园Yuanpu Street Bird Park,22.3323871155,114.1787481884
香港南湾South Bay ( Hongkong Island),22.227973938,114.2090306417
香港仔郊野公园Aberdeen Country Park,22.2577991486,114.1718863244
香港中环中心The Center,22.2877349854,114.1662534855
万佛寺Ten Thousand Buddhas Monastery,22.390308,114.196343
香港艺术中心Hong Kong Arts Centre,22.283122,114.182355
警队博物馆Police Museum,22.270608902,114.1807200945
香港中央图书馆Hong Kong Central Library,22.282868,114.201124
Pacific Coffee(圣约翰大厦店),22.2835382682,114.165715266
香港鸭利洲大桥Ap Lei Chau Bridge,22.3148615331,114.1801426639
高山剧场Gaoshan Theater,22.2816761857,114.1413188408
香港医学博物馆Hong Kong Museum of Medical Sciences,22.2866973877,114.1601198569
贝澳泳滩Pui O Beach,22.243221283,113.9887541778
UA Cinemas( 沙田 新城市广场店),22.3859887316,114.1935233251
香港徐氏艺术馆Hong Kong Xu Museum of Art,22.2832546234,114.170071712
昂船洲Stonecutters Island,22.323071717,114.1397734374
香港大球场,22.2794827167,114.1952320539
冯平山博物馆,22.2903023404,114.1450678093
九龙中央邮政局,22.3153140882,114.1775184345
百德新街Paterson Street,22.28295,114.196828
诺士佛台Knutsford Terrace,22.304792,114.186196
芬兰极地博物馆(Arktikum),22.4231911756,114.2352605616
北帝庙,22.276001,114.185297
永利街Wing Lee Street,22.2894859846,114.1558884353
大窝口体育馆,22.3764857351,114.1314168272
新田大夫第,22.502813,114.087964
天水围体育馆,22.4611592778,114.0129222205
香港青山禅院Hong Kong Qingshan Temple,22.394613266,113.9707374292
红勘,22.305991,114.193266
The Cavern,22.286415899,114.1616796479
李郑屋古墓Lei Cheng Uk Tomb,22.340921402,114.1715967469
香港吐露港Hong Kong Tulu Port,22.4432086945,114.2177708663
Pacific Coffee(展贸中心店),22.3268575776,114.2146872859
罗屋民俗馆Law Uk Folk Museum,22.2676715851,114.2469051637
The Shortbread Company,22.4508774978,114.1773649302
青松观Ching Chung Koon,22.4093933105,113.9848166509
米埔野生动物保护区,22.4750698671,114.0111221475
吉庆围Kat Hing Wai,22.4426460266,114.0753398463
香港海蚀洞Hong Kong Sea Caves,22.3137741089,114.3792931761
海滨白教堂White Chapel,22.3098695969,114.027755787
城市艺坊City Art Square,22.3846775449,114.2009550304
GloStationGloStation,22.3017621081,114.1843428079
鞍山探索馆Grace Youth Camp,22.4046679768,114.2538517364
H Queen'sH Queen's,22.2860311897,114.1667879806
室内游乐场Play Room MegaBox,22.3232722355,114.2198354622
三家村游乐场,22.2978,114.249
沙田中心商场,22.3861,114.201
香港(西区)潮语浸信会,22.2871,114.143
热带雨林探险径,22.239335973,114.1772401622
星战极速穿梭,22.3162157561,114.0536779324
蛙蛙跳,22.2514318779,114.1821151388
超速旋风,22.237440099,114.1827669134
南极奇观,22.2382219847,114.1830880381
连成广场,22.3858,114.199
东方神曲游乐园Oriental Divine Comedy Playground,22.5592178159,114.2317543299
童话园林,22.3147828171,114.0537387991
米奇幻想曲,22.3151819162,114.052029211
灰熊山极速矿车,22.3131081093,114.0537764772
香港巧克力艺术展览馆The Art Of Chocolate Museum,22.2736409995,114.1614433369
梳士巴利花园艺术广场Art Square at Salisbury Garden,22.3003066167,114.18902727
小镇广场唐老鸭合影地,22.3156696998,114.0546945959
广东道/鼓油街休憩处,22.3194,114.179
長洲觀音灣觀海亭,22.2091949226,114.0435954855
海怡半岛,22.2502615913,114.1529812197
香港ifc商场Hong Kong ifc mall,22.288879,114.169786
太平洋海岸,22.239335973,114.1772401622
海洋摩天塔,22.239335973,114.1772401622
Hollywood Game ZoneHollywood Game Zone,22.3438425481,114.213723834
明日世界巴斯光年合影地,22.3170845818,114.0533530067
海洋世界摊位游戏,22.239335973,114.1772401622
黄大仙中心北馆,22.345,114.204
横冲直撞,22.239335973,114.177240162
新志记海鲜饭店,22.3280991177,114.1791767092
时间球塔,22.2977,114.181
基督教联合医院冯朗庭纪念大楼,22.3262,114.238
热带激流,22.2371697127,114.1835094014
尖东广场,22.3025,114.188
自然大揭秘,22.2514318779,114.1821151388
威威天地,22.2478782667,114.1886024036
急庇利街休憩处,22.2889,114.162
玛利诺神父教会学校Maryknoll Fathers' School,22.33703,114.184723
利舞台广场,22.2812,114.195
思意画,22.3080172915,114.1728402207
茅湖山觀測臺,22.3142062812,114.263886551
和昌大押,22.2820041952,114.17801547
星光花园,22.3017595667,114.1822245449
普信阁,22.2849474007,114.1709993653
幻彩旋转马,22.2479151573,114.1889549401
海滨登山缆车站,22.2514313817,114.1821142385
海洋列车海滨站,22.2514318779,114.1821151388
动感快车,22.239335973,114.177240162
3D魔幻夜光艺术馆,22.3228453488,114.180598279
前水警总部大楼及马厩,22.3087097691,114.1745539
怀远楼,22.2857266325,114.1639484568
宣道会沙角堂,22.3822963935,114.2084396385
圣公会圣马利亚堂,22.2812692817,114.2003339718
圣公会荆冕堂,22.3719812018,114.1341777057
浸信会,22.2791121943,114.1881187814
黄屋,22.2767105381,114.1858255252
香港青松观(总办事处),22.3297,114.176
大埔海滨公园-自然生态公园,22.4532,114.19
名都广场,22.3369,114.179
大潭郊野公园-黄泥涌水塘公园,22.2603,114.207
香港新田大夫第,22.5028,114.088
西九单车径,22.305,114.167
上海街/登打士街休憩处,22.3176,114.181
北帝庙-赤柱,22.2203,114.22
夏悫花园,22.2815,114.178
香港公园-海洋公园温室,22.2802,114.174
落山道游乐场,22.3209,114.199
中华传道会活道堂,22.3387,114.173
MCL 康怡戏院,22.2875,114.228
中西区海滨长廊 中环段,22.286,114.179
基督教联合医院 产科,22.3268,114.238
中国基督教播道会播道书院道真堂,22.3229,114.277
福荣街休憩花园,22.3323,114.178
屯门浸信会崇恩福音堂,22.3245,114.179
长莆关帝庙,22.4214,114.082
基督教乐道会何文田堂,22.3196,114.19
香港赛马会国际小轮车场,22.3565,114.129
Instrument For Band - StageInstrument For Band - Stage,22.4526,114.04
温思劳街游乐场,22.3102,114.193
基督教香港信义会活道堂,22.4528,114.172
骏景广场,22.403,114.213
广东道游乐场,22.304,114.18
中葵涌公园大连排道入口,22.3604,114.143
Instrument For BandInstrument For Band,22.4526,114.04
华仁书院小教堂,22.277,114.188
长康村第二街市及有盖游乐场,22.3539,114.111
耶稣基督后期圣徒教会 - 屯门,22.3098,114.182
西湾河福音堂,22.2925,114.221
石排湾道游乐场(西南门),22.2526,114.158
泥滩观鸟屋,22.4731,114.021
洪圣殿,22.3251,114.175
前流浮山警署,22.4726,113.995
锦屏剧社,22.4453,114.042
东沙岛街休憩处,22.337,114.17
太子道水渠道花园,22.327,114.181
屯门洪祥路休憩处,22.3966,113.981
独乐地盘,22.3654,114.147
科士街临时游乐广场,22.2847,114.139
青山公路六咪花园,22.3525,114.146
马宝道临时游乐场,22.296,114.215
基督教励行会新丰路服务中心,22.5104,114.139
太极场,22.3927,114.217
香港九龙塘基督教中华宣道会港恩堂,22.2942,114.207
枫树窝村篮球场,22.3595,114.113
新村街路牌,22.281,114.204
宁波街/上海街休憩花园,22.31,114.181
银都戏院,22.3175,114.236
阳光广场,22.315,114.201
海辉道海滨花园,22.32,114.17
九广铁路 车公庙,22.3774,114.198
兴芳路游乐场,22.3643,114.14
葵青剧院 WiFi热点,22.3604,114.138
成和道休憩公园,22.273,114.196
九龙天后庙,22.3316,114.171
白建时道休憩处,22.2728,114.205
码头围道/土瓜湾道花园,22.318,114.199
诺仕佛广场,22.3048,114.186
天后庙 - 筲箕湾,22.2836,114.242
香港歌剧院,22.29,114.147
荃景围游乐场,22.3831,114.118
岭南之风,22.3379,114.151
蝴蝶湾浸信会,22.3778,113.973
前黄泥涌水塘工人宿舍,22.26,114.205
安景街公园,22.3936,114.216
云汉街/协和街休憩花园,22.321,114.238
荃景围游乐场及休憩花园,22.3827,114.117
跑马地游乐场 草地球场,22.2751,114.194
香港海防博物馆 WiFi热点,22.2852,114.247
粉岭临时网球场,22.4992,114.151
发兴街儿童游乐场,22.2899,114.159
葵兴路12号 葵兴剧院,22.4165,113.995
摩顿台临时游乐场,22.2823,114.201
义德道游乐场 硬地球场,22.3453,114.189
鸦打街临时游乐场,22.3136,114.182
丹桂村路花园,22.436,114.009
启靝道堂,22.3106,114.194
香港九龙塘基督教中华宣道会黄埔联福堂,22.3061,114.202
乐富游乐场,22.3397,114.2
高山剧场 WiFi热点,22.3165,114.197
维翰路花园,22.499,114.141
伟智街游乐场,22.3375,114.178
西洋波会,22.3099,114.188
月华街游乐场,22.3187,114.238
李氏宗祠(百和路),22.4881,114.156
工厂街游乐场篮球场,22.2802,114.241
东湾与火柴厂遗迹,22.2901,114.052
三家村避风塘海提公园,22.2939,114.248
太平道游乐场,22.3216,114.185
山东街休憩处,22.3203,114.18
大王东街休憩处,22.2789,114.183
圆玄学院大厦,22.2876,114.165
么地道公园,22.3016,114.19
大榄涌路儿童游乐场,22.367,114.033
东龙洲炮台特别地区,22.258,114.308
中国香港划艇协会赛马会石门划艇中心,22.4,114.221
安东街临时游乐场,22.2869,113.953
南朗山道休憩花园,22.2412,114.18
大河道二号休憩处,22.3752,114.127
歌赋山里儿童游乐场,22.269,114.165
晓光街儿童游乐场,22.3235,114.239
贝璐道休憩花园 / Peel Rise Rest Garden,22.2693,114.164
城隍庙,22.2814,114.242
文曲里公园水池,22.3164,114.277
诗歌舞街休憩花园,22.329,114.174
中国道教太平道观,22.3076,114.181
大坑道儿童游乐场,22.2743,114.203
樱桃街休憩处,22.3219,114.177
茶果岭道天后庙,22.3028,114.241
汇景广场,22.3105,114.245
赤柱海滨长廊 硬地球场,22.2209,114.224
荔枝角公园 WiFi热点,22.338,114.15
百福田心游乐场,22.492,114.152
业成街游乐场,22.3646,114.147
福亨村路花园,22.4245,113.996
文武庙花园,22.452,114.176
耀兴道休憩处,22.2818,114.232
和睦路游乐场,22.5036,114.154
海珠路游乐场,22.3868,113.985
安德道游乐场,22.3238,114.228
环保大道宠物公园,22.3077,114.28
贸泰路花园,22.3245,114.268
香港仔大道/鸭脷洲大桥休憩处,22.2514,114.172
基督教家庭服务中心赛马会顺天跳跃青年坊 基督教家庭服务中心赛,22.3286,114.239
香港基督教青年会京士柏百周年纪念中心,22.3108,114.186
蒲岗村道公园,22.3468,114.216
汀九湾泳滩,22.3721,114.091
名都广场,22.337,114.179
地皇广场,22.3763,114.128
天悦广场,22.3381,114.171
大角咀道洋松街休憩处,22.3266,114.174
欣明苑公园,22.3276,114.27
汀太路儿童游乐场,22.4579,114.177
铜锣湾山路花园,22.3844,114.192
青泰苑室外篮球场,22.3664,114.113
慈山寺青铜观音圣像,22.4786,114.217
利安道休憩处,22.3368,114.235
葵盛东邨篮球场,22.3672,114.14
广播道花园游乐场,22.3467,114.194
克顿道休憩处,22.2821,114.15
石鼓垄道游乐场,22.3341,114.205
香港国际创价学会文化康乐中心,22.4781,114.236
新九龙广场,22.3228,114.174
庙街甘肃街临时休憩花园,22.3117,114.182
保安道游乐场,22.3425,114.169
大角咀晏架街,22.3232,114.175
葵涌青山公路休憩处,22.3728,114.145
爱秩序湾海滨长廊,22.2865,114.24
高架单车径,22.3482,114.214
海皇路花园,22.3888,113.982
长辉路海滨公园,22.354,114.123
STAGE 舞台,22.4456,114.039
永利街休憩花园,22.2833,114.161
聚鱼道休憩花园,22.3274,114.17
青衣戏棚,22.3568,114.118
康乐及文化事务署大陇街休憩处,22.3685,114.149
大埔海滨公园 WiFi热点,22.4539,114.19
马革班恒康街圣方济堂,22.4258,114.24
百福道游乐场,22.2936,114.219
尖东罗马广场,22.3016,114.187
Betabox Studio Theatre 贝格剧场,22.3655,114.147
符兴街公园,22.5076,114.14
大埔海滨公园婚礼草坪,22.4534,114.192
窝打老道/广东道休憩花园,22.3158,114.18
铁树街休憩处,22.3221,114.175
百和路游乐场,22.496,114.145
普光明寺美田路入口,22.3847,114.184
爱群清真寺林士德伊斯兰中心,22.2803,114.19
柴湾歌连臣角天主教圣十字架坟场小教堂,22.2625,114.25
宝石戏院大厦,22.3093,114.197
凤园巴士总站,22.4682,114.192
忠义街花园(电梯直达),22.3142,114.193
园圃街雀鸟花园 WiFi热点,22.329,114.185
巴色道游乐场,22.2852,114.243
枫树街游乐场,22.3308,114.177
圣母无玷之心小,22.2861,114.169
马仔坑公园,22.3468,114.2
崇龄街休憩处,22.3374,114.208
力宝太阳广场,22.2999,114.181
石排湾村一号游乐场,22.2524,114.171
伟智街休憩花园,22.3373,114.178
大陇街休憩花园,22.3693,114.15
怡成坊休憩花园,22.3832,114.207
屏夏路花园,22.4546,114.006
蝴蝶邨公园-露天剧场,22.3795,113.973
SEIKO - 元朗广场,22.3399,114.17
青山道潮语浸信会,22.3321,114.175
大埔元洲仔里1号附近公园,22.4508,114.188
南昌街特色唐楼,22.3294,114.173
箕琏坊配水库休憩处,22.2668,114.198
青年广场,22.2666,114.248
石排湾邨二号游乐场,22.2517,114.17
流白之间,22.3668,114.147
启仁街休憩处,22.3322,114.218
基督教乐道会尖沙咀堂,22.3067,114.183
桃源街游乐场篮球场,22.3382,114.187
筲箕天悦广场,22.3379,114.172
塘尾道儿童游乐场篮球场,22.3259,114.177
德华街公园变电站,22.3733,114.13
毓雅里社区园圃,22.3272,114.266
竹园广场,22.348,114.205
广播道花园,22.3467,114.194
茜发道休憩公园,22.3108,114.242
安东街临时游乐场 硬地球场,22.2866,113.953
炮台街休憩处,22.3106,114.18
长辉路海滨公园,22.3535,114.123
安福街游乐场,22.499,114.157
中华基督教会协和书院,22.35,114.216
德业街游乐场,22.4542,114.043
电照街游乐场,22.2957,114.214
牛头角道游乐场,22.3201,114.229
建业街游乐场,22.4459,114.043
第三街游乐场,22.2892,114.15
赤柱市场道休憩处,22.222,114.223
俊贤坊游乐场,22.4501,114.036
长沙下村篮球场,22.2356,113.97
爱民广场,22.3149,114.19
福德街专线小巴站,22.4484,114.04
巴色道游乐场,22.2849,114.242
坚尼地道游乐场,22.2795,114.168
李氏宗祠,22.4331,114.266
太乐街休憩处,22.2861,114.232
华翠街休憩处,22.2578,114.148
安景街公园,22.3985,114.219
恒贵街游乐场,22.3859,113.986
地士道街休憩公园,22.3203,114.179
交通广场,22.4468,114.043
鞍诚街花园,22.4268,114.243
珀林路花园,22.3552,114.071
坑口体育馆儿童室内游乐场,22.3203,114.28
怡泰街休憩处,22.2672,114.251
利东街,22.2785,114.184
银矿广场,22.2707,114.009
隔田街游乐场,22.3713,114.195
显田游乐场,22.3691,114.184
民丰径,22.3208,114.188
差馆里休憩处,22.3114,114.196
鹤咀废堡,22.2144,114.253
胜利道潮语浸信会赞颂之园,22.3436,114.22
红梅谷路游乐场,22.3724,114.191
天后庙 - 坪輋坪源,22.5292,114.174
大陇街游乐场,22.3696,114.149
忠孝街休憩公园,22.3126,114.193
油塘道游乐场,22.3039,114.245
山尾街游乐场,22.3992,114.206
佐敦谷游乐场佐敦谷入口,22.3284,114.231
沙滩长提,22.2998,114.027
晒草湾游乐场,22.3079,114.244
大连排道游乐场,22.3653,114.145
Ma Wan Heritage Centre 马湾公园古迹馆,22.3523,114.069
德昌街游乐场,22.3181,114.179
城门水塘溪涧,22.3953,114.16
庇利街,22.315,114.199
石排湾道游乐场,22.253,114.159
吉澳地质教育中心,22.5511,114.303
安邦路休憩处,22.4551,114.181
靠背垄道游乐场,22.3206,114.197
发祥街西游乐场,22.3343,114.163
新和里游乐场,22.4053,113.988
衍庆街游乐场,22.3386,114.207
金茂坪戏院 Golden Valley,22.3209,114.242
域多利道休憩处,22.2629,114.145
汀角村儿童游乐场,22.4765,114.231
三号码头花园,22.2912,114.169
黄竹街平安福音堂,22.3368,114.183
富达广场,22.4444,114.04
上村公园,22.4349,114.114
红石门水库,22.5066,114.301
东安街休憩花园,22.3174,114.179
大坑东村二号游乐场,22.3366,114.183
元朗剧院 WiFi热点,22.4447,114.034
石硖尾街休憩花园西区,22.3312,114.175
彩云道休憩处,22.331,114.225
越秀广场,22.337,114.207
东龙洲古石刻,22.2559,114.294
鲗鱼涌公园 WiFi热点,22.2918,114.227
鸦兰街休憩处,22.3259,114.179
振华道晨运径入口,22.3245,114.234
青敬路花园,22.3569,114.119
晓明街游乐场,22.3193,114.243
旺角道 长旺道 豪华戏院,22.3234,114.178
彩虹道游乐场,22.341,114.208
新运路休憩处,22.4987,114.148
吉席街花园,22.287,114.138
洪德路休憩处,22.437,114.01
嘉咸街休憇处,22.2854,114.164
天后宫风水广场,22.457,114.178
新填地街休憩公园,22.3176,114.18
荃新天地露天园林广场,22.373,114.125
流水响郊游径﹣入口,22.499,114.181
大会堂纪念花园,22.2856,114.173
安睦街游乐场,22.3925,114.216
彩荣路公园,22.3307,114.231
西环基督教会-尖沙咀分堂,22.3028,114.186
基督教复临安息日会山景青少年中心,22.3994,113.976
柳树街球场,22.3275,114.175
彩霞道休憩处,22.3267,114.229
工厂街游乐场,22.2803,114.241
北角汽车渡海轮码头游乐场,22.2966,114.215
恒锦街公园,22.4211,114.239
荃富街花园,22.3725,114.133
大埔道休憩花园,22.3366,114.174
义德道游乐场,22.3455,114.189
胜利道潮语浸信会,22.3235,114.175
康福台休憩花园,22.29,114.205
律伦街儿童游乐场,22.3365,114.19
新运路花园,22.504,114.142
雀桥街休憩处,22.3346,114.187
大帽山郊野公园护理站,22.4084,114.117
大潭港的一对无字石碑 B,22.2353,114.241
海美湾讯号灯塔,22.3668,114.083
大明里广场,22.4503,114.179
赤柱广场-天幕广场,22.2221,114.221
吉祥街花园,22.4999,114.143
行政长官办公室 (建筑物),22.2845,114.177
数码港百老汇戏院,22.2646,114.141
慧翠道社区园圃,22.2883,114.209
登打士街休憩处,22.318,114.182
露明道花园,22.3293,114.197
丰安街儿童游乐场,22.3886,113.984
大环道游乐场,22.3107,114.2
菲林明道花园,22.2824,114.185
兴华街游乐场,22.3413,114.166
马头围道游乐场,22.3247,114.199
香港公园温室,22.2802,114.174
田厦路游乐场,22.4345,114.004
众坊街甘肃街休憩花园,22.3125,114.18
路德会爱心堂,22.3951,114.217
南朗山道儿童游乐场及休憩花园,22.2504,114.178
吉澳三圣宫,22.5538,114.301
盛芳街休憩公园,22.3636,114.139
牛津道游乐场,22.3313,114.192
崇龄街游乐场,22.3387,114.208
涌美路临时游乐场 硬地球场,22.354,114.12
八乡路牌坊公园,22.4254,114.084
佐敦道浸信会,22.3101,114.179
乐园径儿童游乐场,22.4036,114.21
全安路花园,22.4632,114.185
光辉围游乐场,22.3715,114.145
科士街临时游乐场,22.2849,114.139
天晖路体育馆儿童游戏室,22.4683,114.008
南宁街休憩处,22.2511,114.165
罗屋民俗馆休憩花园,22.2675,114.247
李氏宗祠,22.4661,114.219
播道会同福九龙西堂,22.3274,114.182
伟明街花园,22.4892,114.151
乐富广场,22.3068,114.191
东何文田配水库游乐场,22.3158,114.194
宝云道情人石花园,22.2741,114.188
大坑径休憩处,22.2768,114.205
联发街休憩处,22.2792,114.182
傅屋花园,22.3763,114.143
白杨街儿童游乐场,22.3301,114.179
大窝口道南游乐场,22.3694,114.136
新厦街游乐场,22.2678,114.256
华富村弥撒中心,22.2559,114.146
汀角村儿童游乐场篮球场,22.4767,114.231
德仁街儿童游乐场,22.2802,114.19
永康街休憩花园,22.3437,114.163
旧山顶道休憩公园,22.2748,114.161
西九文化区,22.3021,114.167
小沥源草地滚球场,22.3917,114.216
山顶道花园 WiFi热点,22.2741,114.161
西高山茶园,22.277,114.145
景福街游乐场,22.3385,114.211
蓝湾广场,22.2698,114.262
西宁街花园,22.2852,114.133
新界神召会元朗堂,22.448,114.044
彩园广场,22.504,114.138
咸美顿街休憩花园,22.3172,114.181
干德道配水库游乐场,22.2807,114.163
石排街公园,22.3674,114.148
运头角游乐场,22.4488,114.181
粉岭楼路游乐埸,22.5038,114.152
士美菲路休憩处,22.2856,114.141
康达径花园,22.3043,114.191
鸭脷洲海滨长廊,22.2481,114.167
大角咀道/彭树街花园,22.3262,114.174
丰物道海滨,22.2938,114.152
洗衣街儿童游乐场,22.3282,114.182
海安路游乐场,22.3766,114.116
忠孝街休憩处,22.3125,114.193
青鸿路游乐场,22.3466,114.121
沙咀道游乐场,22.3756,114.125
差馆上街休憩处,22.2883,114.16
观塘道休憩处,22.321,114.227
歌剧院,22.3248,114.201
凤南路花园,22.5113,114.139
公主道儿童游乐场,22.3191,114.189
扎山道晨运园,22.3387,114.23
梨贝街公园,22.3664,114.151
丹桂村路休憩处,22.4359,114.009
大刀屻径入口,22.4373,114.129
葵盛游乐场,22.3651,114.137
大澳文化工作室,22.2571,113.875
沙田围路休憩处,22.3806,114.213
打鼓岭道休憩花园,22.3317,114.203
塘尾道/通州街休憩处,22.3256,114.176
水车馆街游乐场,22.4483,114.042
香港圣公会太阳馆,22.3528,114.07
葵福路社区园圃,22.3622,114.135
大业街变电站,22.3231,114.224
根德道花园,22.3419,114.187
亚皆老街游乐场,22.3293,114.201
顺宁道平安福音堂,22.34,114.171
基督教联合医院,22.3268,114.238
山尾街游乐场,22.4005,114.204
常和街休憩处,22.3218,114.194
埃华街休憩花园,22.3245,114.174
怡盛里临时休憩处,22.2676,114.249
浙江街游乐场,22.3174,114.199
欣明苑儿童游乐场,22.3281,114.269
桂芳街游乐场,22.2697,114.198
白杨街儿童游乐场,22.33,114.179
元朗厦村邓氏宗祠 Tang Ancestral Hall, Ha Tsuen, Yuen Long,22.4506,114.005
骏业街游乐场 WiFi热点,22.3154,114.234
平田街公园,22.3123,114.248
云景道配水库游乐场,22.2879,114.206
宏泰道休憩处,22.3262,114.222
天耀露天剧场,22.4538,114.016
界限街平安福音堂,22.3289,114.179
沙咀道游乐场 WiFi热点,22.3756,114.125
长发广场,22.3656,114.115
马头围配水库游乐场,22.3215,114.196
香港中华基督教青年会康怡会所赛马会综合青少年服务中心 - 鲗鱼涌,22.287,114.228
李氏宗祠,22.4244,114.21
余乐里公共休憩空间,22.2888,114.154
宜春街游乐场,22.383,114.283
翠岭里游乐场,22.3075,114.262
东龙洲北面灯塔,22.2614,114.307
彩云道史迹径,22.3332,114.227
寮肚路公园,22.356,114.11
循道卫理中心 - 始创中心,22.3257,114.181
骏景广场,22.4021,114.213
晏架街游乐场,22.3229,114.176
高埔路游乐场,22.4435,114.069
芬尼街休憩处,22.2916,114.221
香港仔海旁道休憩处,22.252,114.16
天后庙 - 西贡南围,22.3584,114.271
桂地街花园,22.403,114.202
天乐广场,22.2808,114.192
惠民路游乐场,22.3868,114.286
荃景围网球场,22.3831,114.118
长达路休憩处,22.3532,114.122
皇后街休憩花园,22.2905,114.159
洪圣古庙 - 湾仔,22.2784,114.182
洪祥路游乐场,22.3957,113.98
诗歌舞街游乐场,22.3289,114.174
沙宣道休憩花园,22.2731,114.142
觉士道儿童游乐场,22.3071,114.185
渡船街游乐场,22.3168,114.179
庙东街休憩处,22.2837,114.242
钻石山浸信会,22.3444,114.214
新光游乐场,22.345,114.208
广利道游乐场,22.343,114.172
香港道宗堂办事处,22.324,114.18
香港演艺学院(古迹校园伯大尼) - 惠康剧院,22.265,114.147
慕礼道儿童游乐场,22.334,114.192
基督教沙头角教会,22.5583,114.234
新兴社区公园,22.5578,114.16
干德道儿童游乐场,22.2845,114.153
梅芳街儿童游乐场,22.2907,114.155
华信街休憩处,22.3054,114.201
皇廷广场,22.377,114.121
凤群街花园,22.4455,114.046
庙宇,22.4483,114.077
基督教沙头角堂,22.5599,114.235
循理会赐恩堂,22.3038,114.185
乐乐游儿童乐园,22.5215,114.079
天后庙大庙,22.2744,114.303
雷霆节拍,22.2377645246,114.1839495743
香港大学专业进修学院保良局社区书院,22.2801650694,114.196245799
沁园雪艺术中心,22.5567781039,114.235186379
红谷子创意美术馆,22.5650327745,114.178183596
美国冒险乐园(杏花新城店),22.2802272302,114.2511804873
大熊猫之旅,22.248523474,114.1880628726
升空奇遇,22.2514318779,114.1821151388
香港赛马会四川奇珍馆,22.2514318779,114.1821151388
弹弹屋,22.2514318779,114.1821151388
鳄鱼潭,22.2484463772,114.1878894657
成品生活 (尖沙咀店)Eslite Living (Tsim Sha Tsui),22.2891550886,114.1652510979
ViewFindrs Walking TourViewFindrs Walking Tour,22.2891550886,114.1652510979
PubArt GalleryPubArt Gallery,22.2891550886,114.1652510979
ArtouchArtouch,22.2891550886,114.1652510979
Opera GalleryOpera Gallery,22.2891550886,114.1652510979
一新美术馆Sun Museum,22.3145318748,114.2306533889
Yulia Suvorova Russian Guide in Hong KongYulia Suvorova Russian Guide in Hong Kong,22.2891550886,114.1652510979
The Tibetan GalleryThe Tibetan Gallery,22.2891550886,114.1652510979
蛇口Shekou,22.4912297885,113.9182497877
画室Blush,22.2851135115,114.1667113812
中英街历史博物馆Chinese-British Street History Museum,22.5480222575,114.2374336875
海上世界Sea World,22.4884366766,113.9229377192
好家庭菜园Good Family Farm,22.2891550886,114.1652510979
Travel-CafeTravel-Cafe,22.3398845669,114.1601156127
HKDI GalleryHKDI Gallery,22.2891550886,114.1652510979
柏架山道自然径Mount Parker Road Green Trail,22.2891550886,114.165251098
Geneyclee GalleryGeneyclee Gallery,22.3132260049,114.2387559808
笔架山Beacon Hill,22.2891550886,114.1652510979
Page One Book StorePage One Book Store,22.2891550886,114.1652510979
ComboCombo,22.2891550886,114.165251098
美荷楼生活馆,22.3369895946,114.1751923828
浅水湾海滩儿童游乐场,22.2410817825,114.2071504188
乐华街游乐场,22.3511796527,114.215748024
Lamma Fisher FolksLamma Fisher Folks,22.2076092847,114.1423107975
Pinewood BatteryPinewood Battery,22.2811995416,114.1473747934
中英香港问题谈判联络小组中方代表驻地旧址,22.3079583745,114.1806940835
Grace Child Development and Therapy CentreGrace Child Development and Therapy Centre,22.3724728206,114.1235037944
Enviornmental Resource CentreEnviornmental Resource Centre,22.2772453572,114.1847910037
Tai Po Waterfront Park Insect HouseTai Po Waterfront Park Insect House,22.4586280321,114.1926473412
Jockey Club Life Journey CentreJockey Club Life Journey Centre,22.3174474615,114.1894376227
Kwun Tong Garden Estate Children PlaygroundKwun Tong Garden Estate Children Playground,22.320429967,114.229707347
Saigon Street PlaygroundSaigon Street Playground,22.3099956478,114.1827325713
Kowloon Park Children’s PlaygroundKowloon Park Children’s Playground,22.3012677082,114.1807182611
Pottinger Street / Stone Slabs StreetPottinger Street / Stone Slabs Street,22.2860754971,114.167054763
心說言語治療中心,22.2808799426,114.1962265036
賽馬會職員宿舍遊樂場,22.3970550179,114.211854332
Asia Art ArchiveAsia Art Archive,22.2887820955,114.1596756871
Very HappyVery Happy,22.3231146394,114.243313989
南山村平台遊樂場,22.3380288679,114.1839221601
RyzeRyze,22.2957320641,114.218404095
House of To Kwa Wan StoriesHouse of To Kwa Wan Stories,22.3170299004,114.2001292144
Wo Lok Estate Fu On HouseWo Lok Estate Fu On House,22.3200164515,114.238613145
Lingnan GardenLingnan Garden,22.3374725837,114.150602425
Cheung Hong Estate PlaygroundCheung Hong Estate Playground,22.3535316909,114.111676133
HK Toy MuseumHK Toy Museum,22.3404051722,114.1989876488
港灣道花園,22.2864444064,114.182871219
雍仁會館,22.2822198916,114.1645685259
聖士提反女子中學,22.2895582011,114.1503434653
Cute CityCute City,22.3474207664,114.212082513
Sha Tsui Road PlaygroundSha Tsui Road Playground,22.3756230471,114.12510657
足球场,22.4764319361,113.920240621
金庸故事馆,22.3829460182,114.191851369
天后宫(长洲店),22.2075597868,114.0253838971
源禾游乐场,22.3917333664,114.2016820952
GEIG 銀河教育(粉嶺分校),22.5106671852,114.139176466
大石古观音庙,22.3236382672,114.1794913246
QRC100QRC100,22.2892887346,114.1616162342
香港生产力促进局,22.3417614628,114.1821618724
香港聖公會諸聖座堂,22.323052308,114.1801094802
M+ 展亭,22.3062907643,114.1631028674
红楼,22.3835472275,113.9662587444
环保轩,22.2772283221,114.1848029882
海洋列车高峰站,22.237397769,114.182323593
石馆,22.3426638951,114.2164014336
屯門大會堂,22.3950446187,113.9881336615
胜利油画,22.3623095734,114.1190694871
乡村艺术馆,22.4763664189,114.2423013005
利美画苑,22.3316305179,114.1707358249
世界油画,22.2888093456,114.2255521406
铨记水族馆,22.4270292983,114.2448290394
沐风画苑,22.2860976188,114.1659842662
金眉工作室,22.4009776977,114.2008481402
光辉水族馆,22.3750661353,114.1272420798
美国冒险乐园(希尔顿中心店),22.3828884986,114.198446939
油塘小区会堂,22.2988695122,114.2508078263
大堡礁水族馆,22.4062813176,113.9895260453
就记水族馆,22.3248169361,114.1813835329
稻乡人类饮食文化馆,22.4008167923,114.2096804812
美国冒险乐园(黄埔花园店),22.3086584089,114.200891199
秀茂坪道交通安全城,22.323807373,114.2424614986
香港古代古雕博物馆,22.4290799064,114.2111466853
俪绣轩,22.2785417735,114.1825323861
勤记海洋水族馆,22.2523642209,114.166144178
浪涛水族馆,22.3976873323,113.9804586733
东华三院文物馆,22.3179833944,114.1833387079
美国冒险乐园(海运大厦店),22.2981386846,114.1796032438
中兴水族馆,22.2693605786,114.2536752384
亚玛逊水族馆,22.3292874517,114.17986828
世界画廊,22.2829318207,114.168373515
华强水族馆,22.2886547491,114.2027462708
艺境,22.28031463,114.189299405
利荣堂,22.2912494288,114.1568025942
季丰轩,22.2827056622,114.1684532857
酉星艺术工作坊,22.2864460898,114.1376758373
雅致水族馆,22.3279369165,114.2002173958
云峰画苑,22.2907756934,114.2239162791
艺灵画院,22.3183654504,114.1987946601
明宝斋,22.2877802921,114.1633555723
狮子会自然教育中心贝壳馆,22.3770766888,114.2755331427
国际桌球城,22.4483161131,114.042884797
消防及救護學院,22.3097989498,114.285929044
美国冒险乐园(将军澳中心店),22.3114735392,114.267456036
卡奇水族馆,22.325846497,114.1815144145
稻香饮食文化博物馆,22.4007590114,114.2097358042
新兴水族馆,22.3769684959,113.9752134836
魔鬼山炮台,22.2950993979,114.2533799368
利美画苑(香港華聲藝術中心店),22.3444265579,114.2057491556
迪士尼梦想成真圣诞树亮灯礼,22.3158217784,114.0546897215
港运大厦,22.294355042,114.2143763136
仁爱堂陈黃淑芬纪念中学,22.4044562189,113.978345308
space时空公司,22.5345782238,114.0898476954
杨候古廟,22.496873453,114.1148540397
嘉道理农场博物馆,22.42777774,114.1345925368
轩尼诗道游乐场,22.2806119743,114.183496459
社坛,22.4525703302,114.0112811076
四柱擎天,22.42777774,114.1345925368
岳王古庙,22.2915042804,114.2042737298
与高飞和布鲁托见面,22.3108839579,114.055731867
聖軒公家塾,22.4480037442,114.0196006494
達德學校,22.4492765349,114.0233703993
仁敦岡书室,22.4485947726,114.0230424499
石湖墟游乐场,22.5071864233,114.1395778859
嘉道理兄弟纪念亭,22.42777774,114.1345925368
英皇道游乐场,22.2947736258,114.2146567571
胡挺生先生纪念亭,22.42777774,114.1345925368
顺利邨游乐场,22.3402230751,114.246294502
光明街儿童游乐场,22.2817502008,114.1755585634
友邦金融中心,22.2842740477,114.1734134692
长洲东湾儿童游乐场,22.2145062895,114.0339997179
ARTEARTE,22.3038484516,114.1837265548
ARTEARTE,22.3286514261,114.17917105
I.D. CollectionI.D. Collection,22.3850534268,114.193423496
ARTEARTE,22.3825554481,114.1989392168
东和社区图书室,22.5557253581,114.23949842
食邑税山界石,22.268883405,114.0124105338
青田游乐场,22.4128223403,113.975653564
荃湾汲水门灯笼洲灯塔,22.346532615,114.0696465874
爱丁堡广场,22.288472684,114.1671810186
钟塔,22.3022642151,114.187428353
A. styleA. style,22.287626541,114.1602446086
狮语画廊,22.2904161938,114.1563498772
冒险乐园(良景广场店),22.4100984338,113.974647759
中華新聞通訊社,22.2830988031,114.1968882369
崇庆里儿童游乐场,22.2905460748,114.154124677
西安里儿童游乐场,22.2904691668,114.1493019609
金城道游乐场,22.3424741727,114.192088065
深慈街游乐场,22.4306772885,114.158233039
香港知专学院,22.3090783171,114.264707085
禾寮坑游乐场,22.4011927758,114.208682264
荃湾天后宫,22.3767982036,114.1328666341
悟园,22.244407973,113.8842118484
麟峯文公祠,22.5029093217,114.086038444
蓬瀛仙馆,22.493815212,114.1500441449
景云街游乐场,22.3192663549,114.204538448
梦幻世界,22.2848763965,114.1953707574
美国冒险乐园(德福广场店),22.3267637209,114.2248997781
梦幻世界(乐富店),22.3380796904,114.1985825864
虎豹别墅,22.2733527153,114.2025057894
常安街游乐场,22.2721043985,114.253670285
奇趣天地,22.3342655076,114.17133537
慈云山配水库游乐场,22.3514298642,114.2160709479
绿洲艺廊,22.2872984416,114.1671391784
International Arts CarnivalInternational Arts Carnival,22.297228191,114.183215501
UFO GalleryUFO Gallery,22.2861008388,114.1648086962
Little Black Jacket-Karl Lagerfeld Exhibit on HollLittle Black Jacket-Karl Lagerfeld Exhibit on Holl,22.2888302438,114.1592532686
Iglesia ni CristoIglesia ni Cristo,22.2997058095,114.1822679608
Applique - Art And LivingApplique - Art And Living,22.3713820643,114.1313851447
创新中心,22.3382450148,114.1876387954
雪狐居,22.239335973,114.177240162
天上王者,22.2514318779,114.1821151388
澳洲历奇,22.2514318779,114.1821151388
飞天秋千,22.2375420788,114.1791222117
寻鲨探秘,22.2381037607,114.1790210137
怡庭,22.239335973,114.177240162
