世界之窗,22.540571,113.979386
东部华侨城,22.631054,114.293837
大梅沙海滨公园,22.598438,114.313766
东部华侨城大侠谷,22.615147,114.31026
深圳欢乐谷,22.548012,113.986939
锦绣中华民俗文化村,22.537131,113.995003
较场尾,22.596202,114.51552
深圳野生动物园,22.602723,113.97699
红树林,22.528913,114.006798
西冲,22.491205,114.549655
甘坑客家小镇,22.664411,114.108484
荷兰花卉小镇,22.549721,113.917118
沙头角中英街,22.549278,114.2362
华侨城创意文化园,22.542887,114.000491
杨梅坑,22.5487,114.578695
东部华侨城茶溪谷,22.638192,114.286966
小梅沙,22.60689,114.334468
海上世界,22.489176,113.922466
莲花山公园,22.559263,114.065197
仙湖植物园,22.583562,114.181318
大鹏所城,22.60003,114.519988
茶溪谷茵特拉根小镇,22.638196,114.286964
深圳湾公园,22.492245,113.955134
深圳欢乐海岸,22.529689,113.994371
情人岛,22.470088,114.547213
海菲德小镇,22.614128,114.310684
深圳大学,22.537948,113.942762
地王大厦,22.5490435107,114.1171337903
小梅沙海洋世界,22.610006,114.335026
南澳,22.540545,114.497932
玫瑰海岸,22.615324,114.381268
光明农场大观园,22.764237,113.968991
深圳博物馆,22.549271,114.068275
海上田园,22.731941,113.777756
深圳书城,22.552275,114.066105
龙园,22.738955,114.272048
深圳会展中心,22.536478,114.066315
欢乐海岸海洋奇梦馆,22.5319868254,113.9946719051
大芬油画村,22.615878,114.142666
梧桐山,22.581137,114.219148
鹏城花千谷,22.599481,114.521368
观澜山水田园旅游文化园,22.720384,114.113827
东门老街,22.552004,114.12567
凤凰山,22.705963,114.15684
青青世界,22.505076,113.907639
华侨城旅游度假区,22.540597,113.990495
观澜版画村,22.746426,114.097894
桔钓沙,22.561188,114.562404
西班牙阿卡沙堡,22.538519,113.981851
客家土楼,22.5357889665,113.9984062351
深圳湾口岸,22.508681,113.955948
南头古城,22.5487,113.92773
荔枝公园,22.551617,114.108619
官湖村,22.610823,114.433478
文博宫,22.610951,114.109926
马峦山,22.665658,114.353406
九龙山风景区,22.719396,114.012394
深南大道,22.5397853851,113.9998652403
罗湖口岸,22.534952,114.124769
唐人街,22.7515028039,114.0277176602
羊台山森林公园,22.670563,113.954697
园山风景区,22.645088,114.248074
大鹏半岛,22.525184,114.542946
深圳音乐厅,22.55308,114.063676
玫瑰小镇,22.592981,114.487935
光明滑草游乐园,22.759672,113.970056
大南山,22.5032003276,113.9124487689
东湖公园,22.569488,114.155022
福田口岸,22.521426,114.075683
愿望塔,22.600937,114.31614
关山月美术馆,22.555185,114.070793
七娘山,22.531967,114.557017
东冲西冲海岸线,22.4888633948,114.5559970426
大观园温泉度假村,22.5512937253,114.116427552
香蜜湖,22.55363,114.038686
重返侏罗纪,22.541193,113.978036
凤凰古村,22.695837,113.846012
盐田海滨栈道,22.556321,114.246224
百合花卉小镇,22.6486114538,114.159117123
月亮广场,22.597034,114.312915
邓小平画像,22.54781,114.11039
明思克航母世界,22.5582424834,114.2459677904
日本富士山,22.540192,113.983704
南山公园,22.500133,113.912005
空中乐园,22.5637663458,113.938727503
地王观光Diwang Mansion,22.54878,114.116522
仙湖化石森林,22.5870577607,114.1769446433
观音山公园,22.594133,114.465744
园博园,22.54415,114.010244
欢乐海岸team lab未来游乐园,22.5383560478,114.0048871082
盘古庙,22.6113834381,114.0740006899
丛林穿梭,22.614284,114.308557
官湖角,22.607806,114.425515
塘朗山郊野公园,22.580997467,114.0136237323
深圳人才公园,22.5153337006,113.9508023521
海底世界(安顺路),22.5843,113.88
意大利图拉真记功柱,22.538578,113.981241
大华兴寺,22.629914,114.293791
流星谷欢乐世界,22.706186,113.862683
蛇口,22.492032,113.927218
比萨斜塔和比萨大教堂,22.538679,113.98109
云海高地,22.6151847839,114.3102393685
观光塔,22.621719,114.300931
深圳科学馆,22.548565,114.102385
观澜古寺,22.7251145294,114.0603157917
B10现场,22.5457267761,113.9991494606
东山寺,22.601769,114.526334
何香凝美术馆,22.539303,113.988082
九龙山花仙谷,22.719517,114.011934
鹤湖新居,22.733829,114.272464
深圳大剧院,22.5488777161,114.1119943167
法国巴黎圣母院,22.538726,113.980722
茶翁古镇,22.6371517181,114.2887144453
玛雅水公园,22.547983,113.985987
深圳海洋世界海洋广场,22.608595,114.334789
水头海鲜街,22.571866,114.50243
春茧大地剧场,22.5234912705,113.9540766123
法国凡尔赛宫,22.539001,113.981117
洪湖公园,22.571766,114.126233
宝安科技馆,22.56446,113.917844
柬埔寨吴哥窟,22.5405024542,113.9826693012
深圳市民中心,22.549337,114.066182
中山公园,22.553724,113.925316
水乡小镇,22.5361348462,113.9994364612
东山珍珠岛,22.565574646,114.5502522451
莫高窟,22.5369960171,113.9964297089
宋少帝陵,22.4864826202,113.8930307713
求水山景区,22.604718,114.150092
龙华寺,22.618480889,113.8517442479
碧海湾公园,22.5904781848,113.8584419571
京基100观光KK100,22.549521,114.113122
梅林水库,22.5779953003,114.0352377099
华美术馆,22.539226532,113.989385228
大鹏半岛地质公园,22.534584,114.537636
中星航空飞行体验中心,22.5405006409,114.036506011
未来时代,22.5450978704,113.9741143919
F518时尚创意园创展中心,22.572042399,113.8683059788
龙岗关帝庙,22.7314,114.331
兴围步行街,22.6409672762,113.8373851975
美国加拿大尼亚拉加大瀑布,22.5396981117,113.9770885863
赤湾天后庙,22.4848194122,113.8988513388
笔架山公园,22.568923,114.087445
观澜湖生态体育园,22.7274,114.083951
东西冲徒步,22.5943310054,114.2736494306
航佳绿色生态家园度假山庄,22.7527516709,114.0221847531
金沙湾海滨度假区,22.480198,114.50383
库坑公园,22.7396,114.042
北门广场,22.6019,114.519
湿地花园,22.6371517181,114.2887144453
英国伦敦议会大厦,22.539357,113.980991
英国斯顿亨治环状列石,22.539295,113.981315
银湖山郊野公园,22.5957352391,114.0676572822
深圳大学城,22.595077,113.980444
长隆世居,22.750265679,114.3998324141
松岗公园,22.791119,113.855109
龙华公园,22.663534,114.023331
海鲜食街,22.5429917333,114.4948744721
坪山湿地公园,22.7155266795,114.412750673
坑梓公园,22.7427406311,114.3829031069
水围商业步行街,22.5258032639,114.0717939651
西丽366大街,22.5866230955,113.9577109831
大康溪谷,22.6456356049,114.2507634193
俄罗斯克里姆林宫及钟楼,22.539625,113.981306
美国曼哈顿高层建筑群,22.541025,113.976401
埃菲尔铁塔,22.540274,113.98086
小梅沙沙滩,22.6068988381,114.3346032988
怀月张公祠,22.5517248499,114.1310107232
龙华文化广场,22.6608043676,114.0456724043
铁仔山公园,22.6011390686,113.8620544997
三洲茶园,22.6371517181,114.2887144453
仙人掌沙滩,22.480639,114.545094
南海意库,22.491891,113.92433
东冲,22.497076,114.588699
文博会艺术馆,22.5363619679,114.06633898
中英街历史博物馆,22.5509643555,114.2326465799
田寮公园,22.7352525872,113.9087587475
凤岩古庙,22.681815,113.859994
信国公文天祥祠,22.5494346619,113.9286597108
人民公园,22.559676,114.123589
钓鱼池,22.5070667267,113.9077352542
果园农家小吃,22.60511,114.014686
观音庙,22.5865,113.862
莲花山,22.8457,113.816
华强北路,22.552187,114.093297
迪可可小镇,22.5592880249,114.1159937195
深圳世界金融中心,22.548362,114.121001
南澳旅游海滨中心,22.5553831603,114.4854354271
反弹蹦床公园,22.728,114.083
深圳湾公园-观桥公园,22.494,113.959
也马骑士俱乐部,22.7226087699,114.112194554
水草世界水族,22.6626199833,114.0236964188
OCT当代艺术中心OCT-Contemporary Art Terminal,22.545763,113.999169
巴黎凯旋门,22.539258,113.980425
越南独柱寺,22.54011,113.981955
日本桂离宫,22.541107,113.983296
恺撒宫,22.5408161341,113.980058352
龙城公园,22.719079,114.232784
鹅公湾,22.5291481018,114.4973182973
深圳湾大桥,22.4755973816,113.9684938252
聚龙山生态公园,22.734027,114.397789
蒲蒲街,22.5803510033,113.8819060357
江氏大宗祠,22.7589,113.819
绿色生态家园,22.7372938615,114.0272370623
儿童乐园,22.5509598677,114.1309801441
背仔角,22.598162,114.347881
自拍公园,22.6150358404,114.1199420026
西涌3号海滩,22.478119,114.540865
红花山公园,22.7869358765,113.9076369954
梅沙尖,22.6216512627,114.2815720716
鹅公髻,22.6456356049,114.2507634197
冰雪世界儿童游乐园,22.5558,114.13
沙头角,22.5689298334,114.2490452804
内伶仃岛,22.411489,113.819312
赤湾胜概,22.4672998771,113.8948534731
Skyland未来科技馆,22.562205,114.076578
黄牛埔森林公园,22.846,114.005
牛角龙花田,22.68807,114.343891
oct创意广场,22.5326,113.998
深圳动漫灯会展,22.5322,113.997
鬼屋,22.7331,113.812
德国啤酒广场,22.6433,114.032
儿童主题亲子乐园,22.8,113.782
佛化大仙,22.6257,114.16
科技园-社区公园,22.5483,113.948
欢贝城,22.6327,114.027
大雁山,22.7165,113.924
欢乐岛游乐园,22.7334,114.27
碧头社区公园,22.7854,113.821
宝安区基督教西乡堂,22.5778,113.885
可可主题乐园,22.7112,114.09
亲子港游乐园,22.6136,114.116
American Tourister(吉之岛东湖店),22.5751138905,114.1448550445
尖东游戏娱乐城,22.5445295122,114.1093399353
鸿丰大酒店(春风店),22.5439111341,114.1307220025
25区商业步行街,22.5765308353,113.9085538446
鹏翔帆船中心,22.5961911709,114.5189080439
1979文化创意园,22.5582367665,114.036938326
1980文化创意产业园,22.6242911406,114.0342437581
蛇口口岸,22.4820041656,113.9195408275
基塘田园,22.7383823395,113.7749934438
锦绣中华微缩景区,22.538667,113.991526
白墙FOTOSHOP,22.545989,113.998797
飞跃美利坚,22.540552,113.977019
那斯卡图线壁,22.542178,113.976003
四大洲喷泉,22.538834,113.980227
荷兰风车、郁金香田园风光,22.537764,113.98055
中华门,22.540744,113.981813
朝鲜普通门,22.541001,113.982285
云霄飞轮,22.622217,114.301668
童趣园,22.612841,114.309421
深圳海洋世界极地馆,22.610618,114.33387
MELAND儿童成长乐园,22.72,114.249
南澳西冲1号沙滩,22.4743329225,114.5369586092
西涌(西冲)金福渡假中心,22.5953661981,114.5180650704
百花洲,22.5461564316,114.0258774555
美国自由女神像,22.5414313383,113.9762619489
美国白宫,22.540901217,113.9765906335
流塘北帝庙,22.5842812468,113.8940333798
观澜人民公园,22.72215,114.051421
梵蒂冈圣彼得大教堂,22.5388314564,113.9816823351
红花园社区公园,22.5454570157,113.9301470859
文昌阁,22.582053679,113.8687538643
弘法寺,22.583464,114.188147
深圳市少年宫,22.553548,114.068501
思月书院,22.552708,114.126149
沙鱼涌,22.621126,114.428503
大中华国际交易广场,22.54202,114.068549
芬麦儿童探索博物馆,22.5598560504,113.8941212427
香蜜公园honeypark,22.5496087899,114.0282970362
深圳3D奇幻艺术馆,22.566366,113.913243
福田区文化馆,22.5610599518,114.0500592024
大亚湾核电站,22.600592,114.54842
后海天后古庙,22.5165182723,113.9382006406
秀挹辰恒,22.7341,114.279
东莞市长安影剧院,22.808,113.812
深圳市和畅园博物馆,22.7377,114.381
深圳图书馆,22.551335,114.063816
皇岗公园-东门广场,22.5255,114.065
龙城广场,22.724145,114.256817
新正生活,22.553725768,114.1272920128
松元公园,22.7267712461,114.0736499469
绿野乡村露营基地,22.6606383247,114.4050202862
风味小吃街,22.7197191505,114.1113344554
长圳公园,22.7234541208,113.9264618711
东涌海滩,22.4970174667,114.5874374215
深圳城市规划展示厅,22.5509178907,114.1011276764
上帝古庙,22.7822,113.833
格澜郡商业街,22.7011964669,114.0555111993
大笔架山,22.6501391972,114.5029132849
翠湖公园,22.7716150601,113.952361983
大鹏地质博物馆,22.534104,114.536083
九龙生态园,22.722614,114.009111
多多岛儿童乐园,22.6205,114.145
大万世居,22.68744,114.349242
农科生态园侏罗纪花海,22.5967650168,114.5341896104
田心山,22.6657206353,114.4150097279
豪轩游乐儿童亲子乐园,22.6087,114.13
科兴科技园,22.553842802,113.9501040984
超级迷宫,22.5518,114.093
儿童游乐场,22.8212,113.813
清水河社区居民广场,22.578,114.115
新围社区公园,22.6971,114.004
油甘埔公园,22.727,114.178
龙溪东二区六巷,22.7219,114.279
雕塑公园,22.7547,114.075
童宝儿童主题乐园,22.7745,113.784
儿童拓展,22.6251,114.062
妙妙屋儿童乐园,22.6848,113.996
中国国民党革命深圳市委员会,22.5493,114.103
商业中心广场,22.766,114.108
迪乐尼儿童欢乐主题乐园,22.604,114.053
无忧岛儿童乐园（民治）,22.627,114.039
宝龙社区公园,22.6958,114.309
可可主题乐园,22.7076,114.098
妙妙城儿童乐园,22.6893,113.814
儿童主题乐园,22.7702,113.849
坪地基督教福音堂,22.7713,114.315
佛光普照,22.5837,114.188
龙母宫,22.5713,114.063
蹦床公园,22.5784,113.913
转马类,22.5664,114.116
T-BOX真人密室逃脱,22.5545,114.094
生态水族馆,22.5679,114.044
鸡公山七圣宫,22.6097,114.1
神童骑士亲子乐园,22.6365,114.043
快乐小鸭亲子艺术家园,22.5227,113.945
儿童游乐场,22.5012,113.936
风之谷儿童游乐园,22.541,113.926
星期六儿童成长主题乐园,22.7249,114.268
萨比奇,22.7247,114.065
乐悠游儿童乐园,22.7346,113.835
迪可可(中心城广场店),22.5415,114.066
世界之窗-大峡谷探险漂流,22.5401,113.977
蔚蓝海洋水族馆,22.5711,113.884
海盛美食商业广场,22.717,114.045
在山一方,22.8625,113.889
益田假日广场,22.6744,113.834
龙华革命烈士纪念亭,22.6622,114.022
深圳盐田天主之母堂,22.5698,114.253
东升广场,22.5519,114.122
深圳证券交易所广场-西面广场,22.5474,114.06
深圳中心公园-C2区,22.5483,114.086
龙岗区基督教布吉教堂,22.6251,114.143
东莞大朗太鲁阁公园,22.799,113.821
侯王庙,22.5325,114.032
多多岛儿童乐园,22.6396,114.069
快车道俱乐部,22.5487,114.134
乐聚公园,22.6553,114.034
君昂童子军(星河ico店),22.6622,114.044
碰碰车大世界,22.6823,114.002
百佳华商场-游乐场,22.6823,113.945
多多岛儿童乐园,22.5849,113.962
悠游堂冰雪主题乐园,22.725,114.214
圣淘沙酒店(翡翠店)-康体中心,22.5399,113.929
智慧树乐园,22.6377,114.022
樟坑径公园,22.6859,114.088
木棉社区公园,22.6096,114.138
乐奇梦,22.7225,114.252
宝安区兴围烈士纪念碑,22.6458,113.841
市民广场-南广场,22.5436,114.066
淘乐堡儿童乐园,22.6549,114.011
9D虚拟现实体验馆,22.6402,114.066
竹坑公园,22.715,114.396
龙溪南二区六巷,22.7204,114.278
二横街步行街,22.5529,114.126
羊台山森林公园-大浪文化公园,22.6755,113.995
开心哈乐儿童乐园（洪湖店）,22.5642,114.13
西涌三号黄金海岸沙滩,22.4851,114.55
英语趣味主题儿童乐园,22.6464,114.055
智多星儿童乐园,22.6315,114.08
萨比奇,22.6613,114.027
童趣游乐亲子乐园,22.5523,114.126
太空沙,22.6367,114.043
您身边的咖啡博物馆,22.5888,113.866
滨海栈道,22.5875308345,114.3122946011
尚武骑射马术培训学院,22.6835026791,114.0553474984
求水山公园星球谷科技馆,22.6040284546,114.1490612495
深圳月亮湾,22.5152303315,113.8818985451
海洋剧场海底奇观,22.6099691668,114.334551625
三鹏豪情-图卢兹（春茧）足球中心,22.5246680558,113.955074377
简·阅书吧,22.6697913408,113.8277663712
韩师傅艺术馆,22.631309267,114.1224393616
KARENKAREN,22.6588783821,114.0273248797
光明画廊,22.6170331155,114.1438016881
十八号画廊,22.6150913413,114.1433340737
客家文化艺术馆,22.7344669943,114.2728111142
税收历史文化展馆,22.5472029463,113.9356176292
3F单车文化馆,22.6054003997,114.0488990142
自贡恐龙灯会(景区要求下架),22.539136474,113.9444278887
茶舞戏,22.7288149694,114.046420943
深圳图书馆城市街区自助图书馆,22.609363124,114.0370669568
宝安流动图书馆(新田分馆),22.7066003964,114.0938368693
恐龙乐园,22.5825087949,114.1516578846
一凡艺术画廊,22.7213423234,113.8135797525
许三多野战俱乐部,22.5901761121,114.5130163842
萌萌艺术馆,22.632460216,114.0438708541
扬帆体育(槟城西岸游泳池店),22.5765428167,113.8642314459
雪茄收藏,22.527029147,114.0697589596
西涌（冲）摩托艇出租,22.4887604661,114.5470586142
方特欢乐生活,22.5489545635,114.092117159
世界艺术家联合总会深圳展览中心,22.6233856747,114.0456139803
深圳市野生动物园天鹅湖,22.6016195894,113.9834878145
龙岗大剧院,22.7271077365,114.2565006039
坂田扬美本土文化书画社,22.6354774401,114.0814891974
沙嘴社区图书馆,22.5243445211,114.043609389
福田区图书馆(南园街道分馆),22.5381719658,114.0922357558
民治街道图书馆,22.6265430497,114.0419985484
中国文化名人大营救纪念馆,22.6115105054,114.0428554498
光明新区文化馆,22.7803672961,113.9098356553
龙华街道龙园社区图书室,22.6669892534,114.0266099537
清湖湿地公园,22.6828877256,114.051054822
深圳戏院少儿演出季,22.5517840387,114.1229499332
粤秀剧场,22.553737884,114.1399466263
甘坑古村,22.660933519,114.1123396798
向西村西区步行街,22.5480524972,114.1309772526
金置丰步行街,22.7209661092,113.8630141773
南水步行街,22.4941241841,113.9301342715
白石洲商业步行街,22.5516936424,113.9753327557
动力阳光卡丁车俱乐部（农科生态园店）,22.597661,114.533
围岭公园,22.5904140472,114.1330058811
排牙山,22.6296005249,114.5497019365
海上田园桃林苑,22.7383823395,113.7749941154
艺展中心,22.567502,114.11261
罗湖文化公园,22.552876,114.133037
四海公园,22.501617,113.933357
大鹏山,22.5345172882,114.5376534834
万福广场,22.6756896973,113.8305542376
龙田世居,22.7372055054,114.2603337124
南山花卉博物馆,22.549925,113.919962
猛兽谷,22.602031,113.979042
熊山,22.603007,113.978431
猿猴村,22.603632,113.979813
火烈鸟岛,22.603415,113.982501
长臂猿猴岛,22.600491,113.976518
雅库艺术空间,22.543734,114.000284
墨西哥巨石头像,22.541477,113.975412
林肯纪念堂,22.541003,113.976154
美国国会大厦,22.540192,113.983704
伊斯兰阿拉伯广场,22.539786,113.981991
马来西亚极乐寺,22.53997,113.982101
穿越欧罗巴,22.538273,113.980334
欧风街教堂,22.541903,113.980344
印第安人民居,22.54176,113.9771
约翰斯特劳斯音乐广场,22.540545,113.980192
西班牙戈地公园,22.538053,113.980092
意大利罗马斗兽场,22.538975,113.979624
白金汉宫,22.53943,113.981089
澳大利亚悉尼大铁桥,22.537396,113.981844
罗浮宫巴黎金字塔,22.542113,113.981189
印度泰姬•玛哈尔陵,22.539714,113.983251
激流勇进,22.614892,114.309555
木质过山车,22.617537,114.308586
地心四千哩,22.6168665304,114.3089800155
幻影旋风,22.616298,114.309359
火鸟山谷,22.614917,114.306275
深圳海洋世界海洋剧场,22.610355,114.335156
小梅沙深海精灵,22.609364,114.33522
小梅沙鲸鲨馆,22.609383,114.33574
小梅沙鲨鱼馆,22.610604,114.334543
前海蛇口自贸区,22.5062230212,113.9328784372
街心公园,22.6526447709,114.0485406411
甘坑炮楼院,22.6618875656,114.1113733262
寒山寺,22.5367304519,113.9994272692
东湖公园观赏花木园,22.571601121,114.1565056709
至正博物馆,22.5512192932,114.1130843234
深圳云海山庄,22.5629451495,114.4750206588
大甲岛,22.548807477,114.5776205803
观音阁,22.6625968122,114.0237796438
龙兴寺,22.740614,114.269393
宝立方展览中心,22.5861438269,113.8985523055
佛祖庙,22.7011102984,114.2470006433
巴黎新凯旋门,22.5427007251,113.979520806
印尼婆罗浮屠,22.5406613943,113.9827241544
智利复活节岛巨人像,22.5413495649,113.9757736619
新加坡鱼尾狮,22.5402988118,113.9819317553
土耳其圣索菲亚大教堂,22.5397786519,113.9814034546
泰国泰王宫,22.5409083936,113.9824302081
沙井老街公园,22.7417978932,113.8133425405
肯尼亚非洲野生动物园,22.5388192389,113.9787724665
非洲民居,22.5388579527,113.9780849035
埃及基萨金字塔群,22.5390485554,113.978902045
黄氏宗祠,22.5676448624,113.912286846
森林体育公园,22.6182460686,113.8738144884
海滨公园,22.5933738673,113.8521349163
大和文体广场,22.6353426699,114.1987051174
梦海生态园,22.5504862772,114.5829840299
兴海公园,22.4991777921,113.8923629111
郑氏宗祠,22.53987075,113.9232642388
云海谷体育公园,22.6325626931,114.296441693
平湖生态园,22.6803359535,114.120718943
凤凰山国家矿山公园,22.7072582245,114.1433954185
北帝古庙,22.5818924188,113.8861265468
园山溪谷生态园,22.6733919652,114.2287220473
洪田火山,22.7193512225,113.8614418994
儿童公园,22.559985,114.130475
皇岗口岸,22.52637,114.082162
深圳龙岗大运中心,22.701474,114.223412
大鹿湾,22.469024,114.502403
中心公园,22.538148,114.082056
罗湖书城广场步行街,22.5472279035,114.1154596362
华夏艺术中心,22.540719986,113.9916725168
保利国际影城,22.5242288408,113.933746795
罗田森林公园,22.8300118378,113.8931101932
深圳市当代艺术与城市规划馆,22.551423,114.068488
欢笑乐园（龙岗大运中心店）,22.7023742444,114.2198818058
神勇童子军体验馆,22.7317,114.255
健身广场,22.7355,113.837
涌溪古庙,22.8063,113.832
形色城堡健康益智乐园,22.7278,113.836
田头山,22.7016227006,114.4384875765
南海意库,22.492702,113.924195
银湖社区文体广场,22.582,114.09
美卡诺儿童乐园,22.5486,114.076
乌沙影剧院,22.7982,113.796
V谷乐园,22.664375,114.109136
南山文体中心剧院,22.5423602331,113.9295316053
奇乐岛儿童乐园,22.5866,114.12
Yealife艺术空间,22.5435085481,113.9815590189
天安文化广场,22.5353,114.039
展鹏龙华足球场,22.7492264997,114.102555454
无规则3号画廊,22.6144181533,114.142706626
魔方城儿童乐园,22.7342,114.257
哈特曼航空体验馆,22.5223581973,113.933646733
深圳（宝安）劳务工博物馆,22.6904825779,113.9391578717
龙之谷游乐园,22.6732039598,113.9504706699
大树广场,22.5234,113.956
君昂童子军,22.5386,114.06
粤宝广场,22.5988,114.121
深圳火车北站-西广场,22.6136,114.034
深圳市摇摇乐儿童游乐园,22.6181,114.121
福田火车站南广场,22.5439,114.065
龙潭公园-北广场,22.7315,114.247
和平社区公园,22.5454,114.12
观音山公园-龙严古寺,22.5966,114.472
儿童反斗城,22.5435,114.109
将军山烈士纪念公园,22.8084,113.82
基督教坪山堂,22.6906,114.358
天主教深圳圣保禄堂,22.5506,113.929
欢乐脚印儿童花园,22.5508,113.918
长安公园,22.8202,113.812
松亭山遗址,22.5635,114.155
普乐方幻真体验馆(九方店),22.6379,114.032
水晶酒吧文化广场,22.5771,114.135
V5运动公园,22.681,114.007
大水湾住宅区六巷,22.7577,114.375
公园东一路,22.6648,113.924
沙湖湖景公园,22.7743,114.075
深圳市公园管理中心银湖山公园,22.5651,114.091
天井湖文化广场,22.5652,114.147
狮岭社区公园,22.5566,114.047
长安广场,22.8185,113.809
体育公园,22.7432,114.294
圳美好日子文化广场,22.7944,113.955
迳口社区公园,22.771,113.973
梅塘天后古宫,22.8328,113.98
郑南莆先祖墓园,22.6274,113.864
东和社区-文体街心公园,22.558,114.239
普乐方幻真体验馆(龙岗万科广场店),22.7199,114.249
前海展示厅,22.5219,113.911
长安郊野公园,22.8481,113.818
乐悠游儿童乐园（民治店）,22.6179,114.05
谭公庙(龙岗区路桥应急抢险中心西南),22.6462,114.416
97回归广场,22.5523,114.086
南水村史博物馆,22.4941,113.931
葵涌街道官湖社区公园,22.6081,114.431
乐悠游儿童乐园,22.6606,114.028
花果山中心广场,22.4982,113.932
乐悠游儿童乐园（景田北禾汶店）,22.5616,114.047
赤尾村生态广场,22.5354,114.09
松园南公园,22.5587,114.118
精英寺,22.8332,113.98
东部水上乐园,22.6122,114.313
锦厦影剧院,22.809,113.806
象岭公园,22.8638,113.889
加拿大月亮花园,22.5471,114.01
平山广场,22.7718,114.096
念妇贤医院,22.6983,114.132
笔架山公园钓鱼岛,22.5652,114.084
水围北广场,22.5287,114.07
杨屋马鞍山生态公园,22.8455,113.863
塘尾影剧院,22.7088,113.819
深圳大南山改革开放纪念公园,22.5032,113.924
乐园,22.5685,113.904
深圳市中心区中轴线北中轴乐园,22.5532,114.065
仙人石海钓公园,22.5584,114.51
宇诚体育有限公司(金地翠园泳池),22.5299,114.061
乐悠游儿童乐园（梅林店）,22.5704,114.06
沃尔玛游乐场,22.5381,114.088
福民新村-游乐场,22.5292,114.076
星河世纪大厦B栋-儿童游乐场,22.5438,114.074
长寿岛-凉亭,22.6029,113.983
以马内利,22.5438,114.103
水上乐园,22.5752,114.145
优米乐儿童游乐世界,22.5345,113.921
疯跑盒子,22.7722,113.847
酷儿悦亲子乐园,22.7881,113.915
童欢儿童主题亲子乐园,22.5305,114.053
卡奇乐儿童主题乐园,22.6547,114.082
考拉大冒险儿童乐园,22.7419,113.799
开心王国儿童乐园(西乡店),22.6027,113.888
萨比奇乐园,22.5412,113.926
自助图书馆(160南山南油社区公园),22.5135,113.934
星趴乐园,22.4896,113.923
翻斗迷宫儿童乐园(公明店),22.6523,113.93
开心娃儿童主题亲子乐园,22.7728,113.865
淘气小宝儿童乐园,22.7602,113.869
开心王国儿童乐园,22.6963,114.353
反斗乐园(碧海城店),22.5751,113.863
坑梓森林消防,22.7404,114.382
真耶稣教会南山教会,22.5418,113.925
长江乐园(罗湖区),22.5503,114.126
3号码头沙场,22.5213,113.885
弘文文化广场,22.538,113.973
快乐城堡(公司总部),22.563,114.112
星球探索,22.5683,113.886
艺园园林绿化有限公司灵芝公园项目部,22.5738,113.914
富明沙场,22.6439,114.201
盐田区绿道全民健身广场(A),22.5529,114.244
奥能游泳俱乐部(合正锦园),22.5691,114.185
奥乐康体育雁田嘉利游泳池水上乐园,22.6972,114.177
鑫阳光乐园,22.5358,114.09
万科公园金街,22.6136,114.162
深圳火车北站-东广场,22.6174,114.038
永信堂大药房健康广场,22.6464,114.231
科苑东体育公园,22.7853,114.079
盐田区绿道全民健身广场(B),22.5563,114.246
墙绘墙画weestay,22.5593,114.14
梅塘社区广场,22.8422,113.982
奥能游泳俱乐部（合正佳园店）,22.5316,114.063
宇诚体育游泳馆（创世纪滨海花园泳池）,22.5292,113.937
城市花园会所,22.8173,113.802
霄边广场,22.8123,113.829
地中海广场,22.7211,114.2
龙凤广场,22.721,114.201
林荫广场,22.7076,114.144
大浪消防文化广场,22.6997,114.004
舞林广场,22.5606,114.057
大运广场,22.5922,113.959
三生广场,22.5601,113.969
融鑫啤酒广场,22.5896,113.886
莺歌燕舞广场,22.5534,113.923
舞台广场,22.6462,114.248
欢乐时光舞台,22.5461,113.986
石头坞广场,22.5373,113.944
宝明珠歌剧院,22.7819,113.91
雕塑小广场,22.8208,113.813
深圳坪山火车站-北广场,22.7143,114.334
深圳软件园龙岗分园-大运软件小镇中心广场,22.6909,114.236
欢乐陶陶儿童主题乐园(双龙店),22.7355,114.28
爱嘟嘟儿童主题乐园,22.7428,113.86
反斗乐园(喜荟城店),22.5736,114.148
洪湖社区广场,22.5674,114.129
西乡公园-文化广场,22.5838,113.887
红岗社区-文体广场,22.5781,114.115
乐乐堂游乐园(龙岗店),22.6152,114.131
多喜乐儿童乐园（泥岗店）,22.5733,114.105
莲花古寺,22.8479,113.819
金港之夜啤酒广场,22.6853,114.129
霄边冠坳祖庙,22.8305,113.838
盛京新贵族俱乐部,22.6304,114.138
多彩啤酒音乐广场,22.6867,113.945
孩子堡亲子馆,22.534,114.034
琥珀亲子微剧场,22.546,114.003
贝贝乐儿童世界,22.7736,114.088
益田中心广场,22.5197,114.057
沙池,22.7695,113.858
书香公园,22.6719,114.133
乐奇多儿童乐园,22.6846,114.138
大白鲸世界,22.6268,114.121
创新广场,22.5407,113.952
深圳彩弹CS,22.648,113.839
熊出没翻斗乐园,22.6591,114.028
乐哈岛精品公仔屋(万盛店),22.6815,114.003
优米乐儿童游乐世界,22.5466,113.921
皮皮小顽童(百易广场),22.6247,114.043
合一教会,22.6245,114.047
LE成长乐园(万科五园店),22.6196,114.073
翻斗迷宫儿童主题乐园,22.6404,114.045
亲水广场,22.503,113.906
糖果果儿童乐园,22.5603,114.244
本焕长老生平展厅,22.5827,114.188
鹤围文体广场,22.5919,114.117
优可逗儿童成长乐园(鹤州店),22.6323,113.867
艺源酒店,22.6113,114.11
溪头大球场休闲公园,22.7818,113.841
公园路与吉华路交叉口,22.6099,114.124
桥东社区公园,22.5555,114.237
体育南社区公园,22.5616,114.101
楼岗公园,22.7728,113.863
财神殿,22.6818,113.861
休闲园,22.6284,113.848
园林路口社区公园,22.5609,114.23
熊猫儿童乐园,22.6565,113.829
游乐设施,22.6175,114.039
江岭远香公园,22.6893,114.366
智慧健身儿童乐园,22.7461,114.388
凯丰社区公园,22.5702,114.07
会友鹊台,22.559,114.124
水流田公园,22.7117,114.312
爱嘟嘟儿童成长乐园(南联店),22.7271,114.275
决战篮球,22.7251,114.214
矿山公园标志碑,22.7077,114.144
奇幻岛儿童乐园,22.5848,113.962
迪可可(深国投广场店),22.5512,114.018
妙妙屋儿童乐园,22.755,113.852
中亚硅谷-景德镇瓷画馆,22.7478,113.828
鲨鱼岛,22.55,114.017
深圳市坣岗粤乐社,22.7373,113.828
双层转马,22.5493,114.021
罗屋围旧村社区公园,22.6913,114.017
大浪消防文化主题公园,22.7002,114.004
九祥岭社区公园,22.5902,113.966
文杨陈公祠,22.7081,114.097
神奇校车儿童乐园,22.565,113.986
艺术墙,22.5587,113.994
观音天后庙,22.747,113.816
矿井戏水,22.549,113.988
长乐社区公园,22.5592,113.91
深圳瓶装燃气服务点怡景点,22.574,113.897
裕田儿乐游乐园,22.5824,113.913
free t-ime儿童乐园,22.5797,113.87
幸运之星,22.6856,114.336
乘凉亭,22.5621,114.13
啓蒙星儿童乐园,22.5817,114.149
贝兔早教,22.6185,114.157
游乐设施,22.6045,114.134
动感5D体验空间,22.6414,114.194
深圳毕昇印刷文化博物馆,22.6485,114.211
邬氏宗祠,22.6161,114.143
乐悠游儿童游乐园(东门中心城店),22.5553,114.13
明星宝贝乐园,22.5537,114.14
李朗圣山公园,22.6403,114.134
愤怒的小鸟游乐中心,22.5316,113.996
开心岛儿童水上主题俱乐部,22.6555,114.219
中心白石塘社区公园,22.7843,114.305
贝乐嘉儿童乐园,22.6155,114.132
东北大舞台,22.7878,113.898
厚夫麦公祠,22.7887,113.89
星宝儿童乐园,22.8036,113.872
馨馨儿童乐园,22.7763,114.092
秒秒屋儿童乐园,22.8083,113.906
上木古村公园,22.6748,114.123
棒棒糖儿童乐园,22.7796,113.841
华南城-2号展馆,22.6822,114.136
云梦泽水上乐园(云梦泽水上乐园),22.6858,114.138
杜甫草堂(四川),22.5368,113.997
Italy Boutique Show Room意大利精品展厅,22.5458,113.999
龙瑞福水族馆(招呼站),22.6258,114.078
荔枝林,22.5301,114.009
越众社区公园,22.5432,114.018
祖师殿,22.6323,114.043
巴基斯坦阁楼,22.542,114.009
游乐设施,22.679,114.005
第一届宝安县委宝安农民自卫军模范训练班旧址,22.5398,113.923
黄金圣域,22.6858,113.955
葵涌街道盐村社区公园,22.6151,114.362
袖兜智乐园,22.5411,113.927
思维谷魔法树,22.5425,114.026
丛林缆车1号线下站,22.6131,114.309
沙头街道消防文化主题公园,22.5386,114.031
沙巴克第三空间(沙巴克第三空间),22.5461,114.026
华侨新村文体广场,22.6569,114.212
儿童游乐世界,22.6794,113.831
社区青工休闲广场,22.4924,113.933
水湾壹玖柒玖广场,22.4945,113.926
07俱乐部,22.531,113.998
海豚表演馆,22.6106,114.335
海岸时代广场,22.5467,113.922
凤凰动漫游戏城,22.5525,114.141
田心公园,22.8465,113.977
半耕园,22.8609,113.856
儿童天地,22.7853,113.852
宝宝龙欢乐园-飓风飞椅,22.7693,113.857
奥乐奥儿童乐园,22.6256,114.07
盛泰天外天游乐场,22.7754,114.092
前进广场,22.7732,113.866
蓝宝童儿童乐园,22.7742,114.314
乐乐堂游乐园（宝安店）,22.662,114.04
妙妙屋儿童乐园（坂田店）,22.6396,114.069
应人石广场,22.6491,113.935
佳贝儿童乐园,22.6603,114.051
深圳市龙华新区民治乐哈岛亲子游乐园,22.6727,114.059
孩乐堡,22.6404,114.066
文耿介夫妇墓,22.6845,113.859
开心岛游乐场,22.6804,113.936
白帆度假酒店-儿童乐园,22.5706,114.547
古塔社区公园,22.5512,114.242
新平公园,22.6028,114.18
普乐方幻真体验馆（壹海城店）,22.5609,114.246
基督教黄田聚会点,22.6341,113.853
奇乐岛儿童乐园,22.5961,114.116
风之谷,22.8186,113.811
时尚坊儿童乐园,22.5723,114.119
极速飞车,22.8188,113.807
石角头山公园,22.8143,113.801
要出发旅行网(观光??深港之窗店),22.549,114.117
黄木岗社区残疾人服务站,22.5608,114.089
双秀路街心公园,22.7437,114.387
TOYTOY,22.6096,114.053
乐悠游儿童乐园（大芬信和店）,22.7358,114.276
坪山迪乐尼儿童乐园,22.712,114.345
娃娃总动员,22.7284,114.275
孟母斋儿童乐园,22.7287,114.274
嘉园小区社区公园,22.5614,114.029
乐奇多儿童乐园,22.615,114.039
五联社区消防主题公园,22.7556,114.244
汽车公园,22.583,114.064
欢乐小玩家,22.7281,114.274
儿童游乐区,22.7006,114.055
羊咩咩儿童乐园,22.7215,114.062
基督教樟坑径堂,22.6889,114.084
萌萌哒儿童乐园,22.7053,114.14
天使城堡,22.7006,114.055
欢乐堡儿童乐园(观澜店),22.7332,114.025
明湖城市公园,22.7425,113.902
迪斯尼梦幻星城,22.7287,114.082
广晹方公祠,22.5907,113.973
丽山文体公园,22.5948,113.97
精品儿童乐园,22.6991,113.83
洪田七烈士墓,22.7047,113.862
祈福墙,22.5504,113.989
和亭公祠,22.7337,113.842
哈乐儿童游乐园,22.7374,113.824
农林公园,22.551,114.021
文天祥纪念馆,22.6972,113.843
开心乐园,22.5764,113.909
邦尼儿童乐园,22.5837,113.912
莲花天健文化广场,22.5535,114.05
乐谷剧场,22.5876,113.889
优米乐儿童游乐世界（西乡店）,22.5861,113.876
儿童主题亲子乐园,22.673,114.041
信盈广场,22.6644,114.026
深圳证券交易所广场-雕塑群,22.5469,114.06
阳光社区文化广场,22.6367,113.944
魔幻广场-舞台,22.5448,113.988
咖啡剧场,22.5025,113.931
时间广场,22.4847,113.919
儿童游乐,22.5468,113.92
鹊山社区-健身休闲广场,22.6644,114.012
腾大广场,22.5464,113.941
南叁鼎文化园,22.4894,113.899
月半湾海滨广场,22.5666,114.474
深圳金石艺术博物馆,22.6032,114.188
宝宝龙欢乐园-摩天轮,22.7691,113.857
永安工作站社区公园,22.5991,114.253
深圳世界华人民间典藏文化博览园紫荆会,22.5494,114.038
神舞飞扬亲子儿童乐园,22.7561,114.374
深圳凤山寺,22.7445,114.327
小顽子儿童乐园,22.6179,114.05
迪可可(翠竹万家店),22.5524,114.096
松岗红围公园,22.8117,113.851
妙妙屋儿童乐园（罗湖松园店）,22.5596,114.114
水木乐悠游儿童主题乐园,22.7703,113.839
奇乐儿儿童乐园(长安万科店),22.8067,113.807
妙妙儿童乐园,22.7756,113.854
沙湾关口社区公园,22.6126,114.17
海南省珍宝博物院深圳分院,22.6098,114.108
紫荆花健康会,22.6678,113.874
回龙路街心公园,22.7397,114.243
神舞飞扬亲子儿童乐园,22.717,114.244
白石龙音乐主题公园,22.6034,114.045
猪猪侠主题乐园(龙华民治店),22.6074,114.054
般若禅寺,22.6081,114.071
第1现场,22.7353,114.281
龙平西路街心公园,22.7359,114.254
龅牙兔儿童情商乐园(福田园),22.5545,114.025
沙井小可爱儿童乐园,22.7157,113.86
观音新庙,22.5903,113.974
丛林狩猎,22.55,113.989
风之舞台,22.5489,114.014
游乐设施,22.7281,113.836
深圳市龙华新区大浪童欢儿童乐园,22.7003,114.005
小苹果儿童乐园(宏发大世界购物广场店),22.71,114.047
山厦革命历史纪念馆,22.7094,114.122
九祥岭青铜时代山岗遗址,22.5938,113.966
深圳市当代名家文房四宝博物馆,22.5744,113.909
马家龙社区公园,22.5522,113.93
幻影星空,22.5659,113.913
奇趣儿童乐园,22.6065,114.124
伏羲头像,22.5513,113.926
一代国手冯国浩纪念馆,22.5764,113.883
王大中丞祠,22.5806,113.884
儿童沙池乐园,22.7337,113.777
梅林山公园-南区,22.5634,114.013
迪可可(港隆城购物中心店),22.5891,113.887
应用公园,22.5797,113.905
绿园景观,22.572,113.884
漂流渠,22.548,113.987
FVR乐园,22.532,113.996
RACINGRACING,22.5815,113.87
华夏英杰墨宝园博物馆,22.5497,114.142
高新中四道社区公园,22.5479,113.943
红树林观光台,22.4948,114.588
蔡氏宗祠,22.6004,113.85
儿童游乐设施,22.5226,113.942
古窑遗韵,22.5457,114.016
深圳湾公园C区-运动公园,22.4923,113.953
童乐湾儿童游乐场,22.5973,113.851
同福祖梁公祠,22.5244,114.05
梦幻亲子乐园,22.5263,114.055
购物公园地铁商务街,22.5408,114.06
圣·斯披托教堂柱,22.5407,113.981
普乐方幻真体验馆（太古城店）,22.5053,113.946
悠悠王国儿童主题乐园,22.5452,113.926
悠悠乐,22.5075,113.93
游乐设施,22.5237,113.946
乐奇多儿童乐园,22.5163,113.933
龅牙兔儿童情商乐园(南山店),22.523,113.955
滑梯,22.5043,113.907
魔幻城堡,22.6522,114.214
西乡街道婆婆妈妈俱乐部海语西湾分部,22.5625,113.872
笋西社区广场,22.5678,114.119
奥克森景观,22.5466,114.001
豆豆乐儿童乐园,22.5842,114.149
贝乐嘉儿童乐园,22.6321,114.123
儿童乐园(天虹商场横岗店),22.6479,114.203
布吉基督教会,22.6137,114.143
星美儿童游乐园,22.6344,114.122
MollyfantasyMollyfantasy,22.5272,114.054
锐行赛车,22.5268,114.06
迪可可(COCO PARK购物公园店),22.5395,114.06
心起点·儿童成长乐园,22.5186,114.054
益乐园儿童游乐场,22.5861,113.876
超级英雄,22.4911,113.922
虚拟大学园社区公园,22.5354,113.952
星光体育休闲公园,22.8293,113.962
金花夫人庙,22.7715,114.349
奥地利约翰·施特劳斯纪念碑,22.5405,113.98
奇幻泡泡,22.5452,113.986
基督教侨城堂,22.5462,113.95
清凉寺,22.6831,113.936
石岩湿地公园,22.6885,113.93
大涌郑氏祠堂,22.5474,113.959
波波池儿童乐园,22.5982,114.482
萨比奇儿童乐园,22.5408,113.926
泡泡堂儿童游乐园,22.78,113.82
南湾社区公园,22.6539,114.13
乐多多儿童游乐场,22.66,114.051
跳舞机,22.6289,114.046
游乐设施,22.6242,114.042
童梦园儿童乐园,22.6475,114.133
深圳瓶装燃气服务点南景点,22.6239,114.045
中国汉服汉文化博物馆(深圳汉社),22.572,114.176
海洋军事体验区,22.6105,114.337
主丰盛教会,22.5094,113.927
缤纷无限儿童乐园,22.5645,114.244
乐哈城堡儿童乐园,22.5228,113.931
野炊野战拓展基地,22.5774,114.507
上步社区公园,22.554,114.102
雅逸会,22.5496,114.059
坪山民乐福二楼儿童游乐园,22.6953,114.356
燕川社区公园,22.8027,113.864
兰所陈公祠,22.5227,113.92
酷儿乐儿童乐园,22.5295,113.934
深圳市公园管理中心南山公园,22.4894,113.917
祥福园,22.6814,113.794
塘下涌牛黄山社区公园,22.8084,113.853
乐悠游儿童乐园,22.6773,113.828
泻玉飞流,22.8215,113.811
长安法制文化公园,22.8224,113.811
基督教长安教会,22.816,113.802
草围公园,22.6302,113.846
邓氏宗祠,22.6924,114.251
米其国际教育中心,22.7199,114.249
笔架山公园-观湖亭,22.5665,114.085
冰雪主题儿童游乐园,22.7316,114.255
七色光儿童乐园,22.5664,114.071
儿童游乐园,22.6171,114.039
城堡探险,22.7256,114.214
馨馨乐儿童乐园,22.7339,114.283
国色天香牡丹园,22.6011,113.977
凤凰山国家矿山公园博物馆,22.7074,114.145
酷儿悦亲子乐园,22.7343,113.832
广阳方公祠,22.5907,113.973
航标野站俱乐部,22.7224,114.113
蔡马生烈士纪念碑,22.701,114.13
深圳市玄武观,22.7152,114.146
华夏军装博物馆,22.7075,113.993
冼氏宗祠,22.716,113.861
迪嘉商城-迪嘉儿童乐园,22.5895,113.958
洪圣古庙,22.7438,113.812
嘻哈乐儿童乐园（沙井店）,22.7313,113.831
跳跃云霄,22.5495,114.021
游乐设施,22.7333,113.813
TOYTOY,22.5506,114.018
深圳南山青铜博物馆,22.5539,113.927
游乐设施,22.6128,114.137
客堂,22.63,114.294
玉岭儿童乐园,22.6121,114.157
慧宝宫-翠生玉堂,22.5548,114.15
果果乐儿童乐园,22.574,113.871
迪可可(喜荟城店),22.5738,114.147
观雨亭,22.5908,113.859
尚酷拓展乐园,22.5742,114.147
普乐方幻真体验馆（华南城店）,22.6844,114.13
三洲田村落遗址,22.6448,114.283
老街坊亲子游乐园,22.6522,114.217
超级弹跳车,22.6133,114.309
罗氏老围,22.6481,114.22
百艺广场,22.5377,113.994
婚庆公园(C4)自行车租赁点,22.4959,113.959
乐悠悠儿童乐园,22.5796,113.874
妃立云神助郑和,22.4961,113.892
神采飞扬游乐公园,22.5461,114.026
福医社区公园,22.5459,114.086
萨比奇儿童乐园,22.5292,114.064
游乐设施,22.5411,114.066
真实探险虚拟现实体验馆(京基百纳广场南山店),22.537,113.975
泡泡乐园,22.5452,113.986
摇摇车,22.5367,113.976
小沙山,22.5253,113.964
深圳湾公园B区-流花山,22.518,113.961
赛洛克,22.5293,113.93
深圳淘淘乐宠物公园,22.5362,113.979
胖嘟嘟儿童乐园,22.4941,113.927
妙妙屋儿童乐园（南海大道店）,22.512,113.931
迪可可(海岸城购物中心店),22.5232,113.942
TIME MACHINE(世界之窗馆),22.5441,113.98
狂呼,22.72,114.116
添星源啤酒广场,22.63,114.081
永新植物园鲜花,22.5503,114.123
好地方青岛啤酒广场,22.7929,113.939
谜堂,22.6306,114.137
宝庆粉殿,22.6858,114.335
开花亭,22.6112,114.134
泰富中心广场,22.6951,114.353
开心转转转,22.6175,113.851
楚王宫,22.5548,113.95
殿元三及第,22.5388,114.021
罗记啤酒广场,22.7747,114.316
罗田休闲美食啤酒广场,22.8024,113.88
楚王宫,22.5528,114.091
净行善慧地,22.6175,114.072
万州烤鱼啤酒广场,22.6567,113.928
青岛啤酒音乐广场,22.7234,114.298
义和团中华小食,22.4912,113.919
红楼文化,22.6157,114.143
儿童主题亲子乐园,22.7728,113.864
珠江啤酒美食广场,22.7782,113.913
永兴啤酒广场,22.7534,114.246
铁仔山公园路,22.6006,113.875
金三角花园广场,22.5473,114.114
西班牙阿尔罕布拉宫狮子院,22.5392,113.982
金湖路社区公园,22.5766,114.096
9DVR虚拟现实体验馆,22.6389,114.069
佛光普照,22.7068,114.235
蔚蓝海洋水族馆,22.5642,113.913
蜂巢艺术,22.6152,114.144
优格公园（长安地王店）,22.8183,113.807
泰国昆虫宴(金世界店),22.5516,114.124
青岛啤酒广场,22.5219,113.92
金爵士会所,22.6142,114.172
信达美食广场,22.6141,114.118
盈佳雪花啤酒广场,22.5896,113.92
皇岗公园七街,22.5244,114.067
莲花山郊野公园,22.8458,113.815
宝安公园-永安门,22.5934,113.904
大运会火炬塔纪念广场,22.5235,113.961
小平画像广场,22.5475,114.111
雁湖公园,22.7024,114.168
青年文明号广场,22.5538,114.093
深圳火车站-东广场,22.5382,114.124
火车站下沉广场,22.5389,114.125
成吉思汗陵(内蒙古),22.5389,113.998
金沙影剧院,22.7862,113.773
水上飞车,22.6095,114.336
杨屋文化广场,22.8628,113.855
笔架山公园主峰,22.5707,114.093
黄金山公园-西广场,22.6452,114.07
迪可可(和平茂业店),22.5519,114.127
乐悠游儿童乐园（布吉店）,22.5998,114.131
圣礼堂,22.5428,113.982
尚景欣园-社区公园,22.7354,114.259
龙东职工休闲广场,22.7258,114.294
深圳湾公园C区-日出剧场,22.505,113.959
淘乐屋儿童游乐场,22.5593,114.112
罗湖职工俱乐部翠竹艺嘉分部,22.5644,114.132
幸运星,22.6336,114.028
莎莉歌剧院,22.769,114.32
广东梧桐山国家森林公园,22.5672,114.242
乐悠游儿童乐园,22.5516,114.126
罗湖乖乖宝贝婴儿游泳馆游乐园,22.5696,114.143
高新南社区公园,22.5413,113.955
公园二路,22.6514,114.25
开心超市,22.5661,113.917
大新休闲广场,22.5379,113.923
沙栏吓天后宫,22.5489,114.238
乐悠游儿童乐园（桃源村店）,22.565,113.987
乐悠游儿童游乐园(上沙店),22.5304,114.038
TOPS实景真人密室逃脱,22.8136,113.815
乐仕堡游乐场(万科红店),22.6043,114.134
乐奇多儿童游乐城(浦蒲街店),22.5801,113.882
童欢儿童主题亲子乐园,22.6937,113.809
欢贝城,22.5067,113.945
图图儿童乐园,22.6132,113.862
乐悠游,22.6122,114.149
瑞姆乐园,22.656,114.224
童心飞扬儿童乐园,22.5378,113.927
顺顺儿童乐园,22.7934,113.887
宝贝の家儿童体验乐园,22.7292,114.259
乐多多儿童乐园,22.7877,113.915
优米乐儿童游乐世界(洪湖店),22.5546,114.142
以马内利荣耀之地教会,22.6234,114.046
凯乐之声,22.5769,114.071
灵云智,22.5392,114.075
龅牙兔(南山店),22.5461,114.026
科苑公园,22.5547,113.957
皓海文化广场,22.5834,113.904
沙岭小区六巷,22.6207,114.167
深圳火车东站-西广场,22.6089,114.125
深圳火车东站-东广场,22.6083,114.128
群群乐乐悠悠儿童主题乐园,22.7587,113.857
鑫园广场,22.6333,114.426
天盛广场,22.7938,113.887
沙湖广场,22.7703,114.075
百威激情啤酒广场,22.705,114.091
青岛啤酒广场,22.5835,114.134
东晓街道木棉岭文体广场,22.5943,114.127
三围社区-消防安全文化广场,22.6203,113.852
洪湖花园湖景社区文体广场,22.5637,114.127
碧岭文化广场,22.6738,114.296
迪嘉玩具城儿童乐园,22.5895,113.958
乐游游海洋主题乐园,22.5872,113.951
金枪鱼广场,22.5494,113.986
神童骑士亲子乐园,22.5226,113.944
历史丰碑广场,22.4911,113.895
中医文化休闲广场,22.5775,113.906
祈福广场,22.5607,113.967
523 COFFEE GALLERY523 COFFEE GALLERY,22.5337,114.033
郎朗音乐世界,22.5441,113.983
山顶广场,22.4923,113.889
丹尼熊成长乐园,22.7334,113.813
嘻哈儿童乐园,22.6986,113.818
游乐设施,22.6479,114.203
童之梦儿童乐园,22.6333,114.042
q小鹿儿童乐园,22.6484,114.038
翻斗乐儿童乐园（龙华店）,22.6575,114.029
孙中山庚子首义雕塑园,22.6342,114.282
亮亮啤酒广场,22.6331,114.115
侯曦观景台,22.6777,113.824
邻里部落,22.6873,113.837
古庙公园,22.8483,113.981
杨梅新村社区公园,22.5928,114.279
基督教福永教会,22.6798,113.826
乐奇多儿童乐园嘉丰园分店,22.6123,114.119
宝乐岛,22.5603,114.245
牛仔乐园,22.5707,114.06
悦东公祠,22.7889,113.889
果虫小滑车,22.6024,113.978
儿童游乐设施,22.7756,113.855
联昇儿童乐园,22.5966,113.851
开心公仔屋,22.7706,113.849
迪可可(碧海城店),22.5749,113.863
高空飞翔,22.6041,114.149
华严寺众缘佛堂,22.558,114.155
童梦城堡儿童乐园,22.5816,114.149
土地庙,22.6,114.136
联升儿童乐园,22.5964,113.851
国泰兴儿童乐园,22.6958,114.346
包公殿,22.5441,114.008
喜荣荣儿童乐园,22.7236,114.291
回龙埔公园,22.7436,114.248
儿童投篮机,22.7254,114.214
上排公园,22.6946,113.942
在·空间,22.4846,113.94
古樟树公园,22.7115,114.094
深圳坪山火车站-南广场,22.7124,114.334
碉楼剧场,22.7369,114.095
波托菲诺-水岸广场,22.5521,113.982
灵芝园社区-文化广场,22.5716,113.916
小鸭子儿童游乐场,22.6062,114.057
牛栏前文化广场,22.6393,114.042
禾花社区-地书广场,22.6911,114.124
快乐童年,22.6857,113.807
船尾广场,22.4886,113.923
裕兴隆儿童乐园,22.7451,113.841
淘淘乐儿童游乐园,22.7216,113.851
鹏茜国家矿山公园,22.6788,114.313
六约公园水店,22.6397,114.194
民治电信支局闲置地改建公园,22.6273,114.04
乐豆儿童乐园,22.6396,114.069
游乐设施区,22.6621,114.044
欢乐岛儿童乐园,22.6698,113.922
水田社区公园,22.6878,113.962
圆山寺,22.6662,114.289
星级宝贝儿童游乐园,22.6528,114.215
风之谷儿童乐园(天虹商场坪山店),22.6851,114.335
美加乐儿童乐园,22.6945,113.845
笋岗社区休闲公园,22.572,114.122
酷乐园-儿童游乐场,22.6024,114.054
爱儿乐儿童游乐场,22.5662,114.181
机场麦当劳儿童乐园,22.6315,113.819
刘氏宗祠,22.5886,113.959
青蛙跳,22.551,113.986
乐奇多儿童乐园（松岗店）,22.772,113.859
庙古光华,22.5675,113.911
李松蓢社区公园,22.8059,113.895
东莞市慧云寺,22.7886,114.169
后富公祠,22.7888,113.89
翠谷公园智园,22.6,114.009
坪地公园,22.7823,114.313
蚕桑馆,22.7648,113.969
皇岗水园郊外公园,22.5679,114.031
游乐设施店,22.575,114.067
宝安南路街头公园,22.5489,114.118
中华文化促进会全国非国有博物馆协作体深圳中心,22.5466,113.999
长物博物馆,22.5322,113.996
前海公园-儿童乐园,22.5508,113.919
洪氏宗祠,22.6161,114.143
宝安县政府旧址,22.5604,113.917
粉嘟嘟儿童乐园,22.5503,113.977
港湾公园,22.5332,113.896
深圳大学北校区花圃,22.5343,113.939
招商东路休闲公园,22.4994,113.944
德洛雷斯公园,22.4924,113.923
谭仙庙,22.7397,114.298
9d虚拟现实体验馆,22.6886,114.141
蓝星迪士尼儿童游乐场,22.577,113.878
洪氏宗祠,22.7541,114.167
萨比奇乐园,22.6273,114.068
儿童观览车,22.6025,113.978
美商海盗船,22.5775,114.144
华富街道华山社区-文化广场,22.5636,114.088
禾乐综艺厅,22.5552,113.934
沙河工业区-文化广场,22.5507,113.976
老战士纪念馆,22.7289,113.774
孙中山庚子首义纪念馆,22.6626,114.406
深圳市葵涌街道土洋公园,22.6191,114.415
妙妙屋儿童乐园,22.6759,114.128
关爷文化博物馆,22.6789,114.05
百变创造力,22.6432,114.192
游乐设施,22.6245,114.062
咪咕PARK儿童乐园,22.6257,114.069
游乐设施店,22.6386,114.07
洋葱头儿童乐园,22.6807,113.936
地藏菩萨,22.6811,113.859
西头社区公园,22.6452,114.026
游乐设施,22.6806,113.936
邱氏宗祠,22.6263,114.115
詹氏宗祠,22.6442,114.029
张氏祖祠,22.6428,114.074
智慧树儿童乐园,22.6217,114.121
上雪社区公园,22.6498,114.098
玩不玩游乐园,22.6394,114.043
梦幻雨林主题乐园,22.6385,114.069
爱泉乐处,22.5604,114.124
糖果乐园,22.5687,114.056
开心哈乐儿童游乐园,22.618,114.038
佛祖玄真殿,22.573,114.177
利达公园,22.6397,113.842
乐贝儿儿童乐园,22.6095,114.039
禾福园,22.6815,113.812
SPRINGSPRING,22.5521,114.095
宝宝龙欢乐园-千秋象,22.7695,113.858
鱼屏陈公祠,22.7939,113.9
中国南方电网科学用电·节约用电展示厅,22.565,114.248
深圳市大鹏新区道宸民宿,22.5946,114.516
好奇岛儿童游乐园,22.5731,113.892
腾势充电站(灵芝公园）,22.5743,113.913
MISSFLY玩具游乐园,22.5609,114.245
疯狂过山车,22.5651,113.912
怀德祠堂,22.6729,113.823
留仙公园,22.5867,113.937
上盖公园,22.5988,114.121
黄贝岭公园,22.5566,114.145
暖暖亲子园,22.5702,113.88
炫天堂儿童乐园,22.6077,113.869
尚酷波波趣,22.5741,114.147
激流勇进(飞舟冲浪),22.6033,114.148
聚星岛儿童乐园,22.7986,113.808
松涧麦公祠,22.7886,113.89
风之谷动漫主题乐园（公明店）,22.788,113.9
宝宝龙欢乐园-翻滚飞车,22.7696,113.858
朵啦啦儿童乐园,22.5854,113.908
山美儿童乐园,22.7744,113.857
荔山公园,22.7994,113.963
梅南公祠,22.7884,113.89
轩堂二公祠,22.7789,113.853
哈乐迪尼儿童乐园,22.7038,114.178
西班牙戈地公园,22.538,113.98
爱乐堡儿童游乐园,22.5369,113.921
嘉辉会酒店-儿童游乐园,22.7211,114.196
奥乐奥亲子乐园,22.7481,114.177
思维谷积木小镇,22.7208,114.25
爱贝比奇幻儿童乐园,22.5885,113.868
碧海听涛,22.4954,114.589
阳光度假村服务中心,22.4851,114.549
购物公园-北园,22.542,114.061
申氏宗祠,22.6932,114.253
楼吓公园,22.7494,114.254
9D虚拟现实馆,22.6943,114.273
观音庙,22.4876,114.554
弯月山谷,22.5113,113.96
深圳湾公园自然教育中心,22.5048,113.959
低山刘氏宗祠,22.7506,114.295
谭仙祖庙,22.7572,114.416
文天祥纪念馆,22.7697,113.85
内湖公园,22.5116,113.956
蚂蚁游乐园,22.6092,114.13
石岩大树林公园,22.6912,113.95
华夏联合文化博物馆,22.5164,113.924
疯狂碰碰车,22.722,114.115
天主教会深圳市龙华新区圣母无染原罪堂,22.6738,114.034
田头荔枝公园,22.697,114.411
佳佳乐亲子乐园,22.6999,114.292
游乐设施,22.7264,114.243
天主教龙岗堂,22.716,114.318
新湖社区休闲公园,22.5558,114.153
布心山公园,22.5917,114.149
开心岛水上儿童乐园,22.5532,114.14
激战鲨鱼岛,22.6041,114.148
嘟嘟岛儿童乐园,22.7051,114.142
求雨岭公园,22.736,114.099
乐淇儿童乐园,22.5322,114.032
真高兴儿童游乐园,22.703,114.177
马尔代夫沙滩,22.5436,114.493
简氏宗祠,22.5271,114.054
大王墩观音古庙,22.7469,114.257
杨氏宗祠,22.75,114.253
宝龙比亚迪公园,22.6935,114.282
深圳湾公园-C区,22.4918,113.953
长城瓷艺体验馆,22.5237,114.052
翡翠宫殿,22.5883,113.902
美食啤酒广场,22.7798,114.32
马头山啤酒广场,22.7801,113.884
山止虚,22.5664,114.113
金太阳啤酒广场,22.7724,113.905
渔趣,22.5315,113.996
古思奇,22.7885,113.899
阿杜啤酒广场,22.7198,114.034
楚王宫,22.5382,114.033
树洞君沙拉,22.5938,113.993
童欢儿童主题乐园,22.7704,113.85
华强花园-社区公园,22.5447,114.092
JELLY K 音乐台,22.5454,114.131
云庵李公祠,22.8031,113.815
二十四区六巷,22.7036,113.817
乌沙影剧院对面(公交站),22.7986,113.796
航模广场,22.5614,113.97
戏水乐园景区,22.7405,113.774
亭廊广场,22.698,114.247
六约公园,22.6409,114.194
环园小火车金矿镇站,22.5479,113.988
笔架山公园次峰,22.5694,114.091
u梦广场,22.7218,114.259
麻磡社区-文化广场,22.6392,113.959
吉厦文化广场,22.6241,114.164
新乐彩剧院,22.7207,114.18
福田环庆文化广场,22.5405,114.086
康堡陈公祠,22.8662,113.885
好奇岛儿童乐园【蛇口店】,22.4928,113.936
宝安劳务工博物馆,22.6903,113.939
力童儿童主题乐园（光明广场店）,22.7637,113.95
自助图书馆(058光明荔山公园),22.797,113.961
宝贝之家儿童乐园,22.7312,114.261
童幻天地,22.6403,114.067
七彩人生亲子乐园,22.5765,113.909
自助图书馆(050坑梓影剧院),22.7426,114.381
乐欢天亲子乐园(大浪义乌店),22.6843,114.01
乐悠游儿童乐园(熙璟城店),22.6882,114.142
优米乐儿童乐园,22.7349,114.239
英雄乐园儿童拓展,22.5385,114.066
中国共产党深圳市罗湖区湖北荆州笋岗流动党支部,22.5681,114.119
金泉航空模拟飞行体验馆,22.7281,113.836
欢贝城,22.5664,113.913
念祠楼,22.7387,113.825
奥能游泳俱乐部（景田店）,22.5484,114.047
麟恒中心广场二期,22.6433,114.194
冈厦一九八〇,22.5439,114.076
飞极,22.5765,114.108
谭海酒店歌剧院,22.7557,113.855
乐贝儿儿童游乐园(君盛店),22.735,114.275
景贝南文体广场,22.559,114.148
沙塘布文化广场,22.616,114.163
龙腾社区-文化广场,22.5876,113.884
后海民心社区公园,22.5127,113.944
三联文体广场,22.6643,114.033
罗田文化广场,22.8029,113.881
莲塘社区南侧文化广场,22.5684,114.183
广场,22.5529,114.084
生态广场-A区,22.5441,113.99
狂欢广场,22.5288,113.998
坪环广场,22.6874,114.354
宝利豪庭广场,22.7693,113.857
嘉贝乐儿童乐园,22.6347,114.043
海德广场,22.5229,113.943
莲塘社区休闲广场,22.5688,114.179
回归广场,22.5495,114.239
深圳商报广场,22.5571,114.054
精泰星公仔星,22.7332,113.813
乐贝儿游乐园,22.6747,114.22
糖果屋,22.7216,113.791
游乐设施,22.6806,113.936
麻地公园,22.6381,114.196
爱情湿地,22.6412,114.284
弧形廊架,22.6779,113.823
豪华转马,22.6113,114.334
南湾街道消防文化主题公园,22.6138,114.171
怡境景观,22.5493,114.082
一起成长,22.6159,114.052
乐悠游儿童乐园,22.5545,114.094
自控飞机,22.5729,114.127
SUPER CAPTAInSUPER CAPTAIn,22.5479,114.09
碧园路社区公园,22.7628,113.954
小马奔奔游泳游乐园,22.5242,114.059
嘻嗳哆儿童乐园,22.7357,114.28
羊村儿童游乐园,22.7343,114.299
游乐设施,22.5255,113.937
瓷舍6878,22.5467,113.973
母婴商城·卡奇乐儿童游乐场,22.7244,113.921
深圳狗狗主题公园,22.7274,114.084
春晓仙沉香会所,22.5976,114.198
景田法治公园,22.562,114.052
天天乐儿童乐园,22.5561,114.119
华富公园,22.562,114.089
周恩来总理纪念馆,22.6126,114.139
民乐社区公园,22.6045,114.057
5D动感体验影屋,22.5756,113.907
超群儿童乐园,22.6183,114.151
新屋村街心公园,22.5742,113.973
深圳湾公园海韵公园-休息亭,22.5257,113.994
报德祠,22.5496,113.927
游乐设施,22.7698,113.859
开拓者儿童冒险乐园,22.8182,113.806
幸运屋,22.5466,114.028
宝贝皇宫亲子乐园,22.7044,114.234
开心E佰儿童体验乐园,22.735,114.257
游乐设施,22.5389,113.928
公园路与碧眼路交叉口,22.7549,113.945
游乐设施,22.6404,114.067
萨比奇儿童乐园,22.5662,114.045
华富北社区公园,22.5636,114.088
华新小区-社区公园,22.5565,114.091
欢乐堡儿童乐园,22.6124,114.162
方氏宗祠,22.592,113.973
安乐大运林,22.558,113.906
好奇岛儿童乐园(螺岭店),22.5579,114.135
爱嘟嘟儿童乐园,22.5819,113.888
游乐设施,22.6046,114.133
一雍紫砂壶博物馆,22.6111,113.871
姜氏大宗祠,22.5963,113.85
碧泰园,22.7852,113.817
南联社区公园,22.7052,114.257
游乐设施,22.7351,114.281
朱古石社区公园,22.7546,114.235
波波池乐园,22.7244,114.201
深圳湾公园-追风轮滑公园,22.5221,113.961
南山公园别墅-登山口,22.4911,113.919
群群乐儿童乐园,22.7853,113.796
可爱哆儿童乐园,22.7256,114.26
全盛社区公园,22.7377,114.256
升焕公家祠,22.7183,113.851
龙湾麦氏祠堂,22.7347,113.913
贝莉儿童乐园,22.699,114.048
田寮社区湖心公园,22.7349,113.91
金城堡儿童乐园,22.6485,113.934
逗逗乐儿童游乐园,22.6577,114.075
蓝宝童儿童乐园,22.6708,113.924
大塘龙社区文体公园,22.5619,114.12
玖祥公园,22.5877,113.965
游乐设施,22.6151,114.131
天迷城鱼儿童乐园,22.6156,114.052
长城一号社区公园,22.5608,114.098
基督教福音室,22.5786,113.968
大型豪华转马,22.5728,114.127
洪圣宫,22.7919,113.848
游乐设施,22.7252,114.261
曦和少儿运动公园,22.5347,113.921
翻斗乐儿童乐园（南山店）,22.5119,113.931
怀恩园,22.7202,113.954
宜兴集雅堂紫砂艺术,22.7266,114.261
烧烤啤酒广场,22.6819,114.16
力元吓青岛啤酒广场,22.7071,114.134
泰兴生态园,22.8221,113.853
太阳城啤酒美食广场,22.6383,114.071
殿元三及第,22.6252,114.083
宝安区城市规划展览馆,22.5553006097,113.8888900645
深圳龙岗城市规划展览厅LongGang ChengShi GuiHua ZhanLanTing,22.725202783,114.2572699918
深圳大自然美石展览馆DaZiRan MeiShi ZhanLanGuan,22.5387208414,113.9927296039
农民画博物馆Farmer Painting Museum,22.5540964871,114.1429143524
华夏英杰墨宝园Chinese Hero Calligraphy Park,22.5499208134,114.1414674548
深圳古生物博物馆Shenzhen Paleontology Museum,22.5484248693,114.0661122143
东深展览馆Dongshen Exhibition Center,22.565804499,114.1551249233
鹤湖新居(龙岗客家民俗博物馆)Crane Lake Hakka Village,22.7337708182,114.2737921188
宝安图书馆新馆,22.5554260887,113.8891424294
武汉九九鸭脖(东塘分店),22.7379937817,113.809257888
足球场,22.533469427,113.922982026
72hrs 图书馆,22.5329322282,113.9378802213
简阅书吧(宝安妇幼保健院),22.5694211695,113.8864482191
德森商学院,22.5433578484,113.950514168
足球公园,22.6037339536,113.894960972
人才书吧,22.6146178452,113.9779459713
蓝岸画廊,22.5317717818,113.9958145088
瑞欧国际马术俱乐部,22.5538337557,114.0346889642
一善堂,22.5422695254,114.0431645937
喵星人侵略地球主题展,22.5065762054,113.9458975181
简·阅书吧,22.7038353875,113.9930715782
深圳书城 简阅书吧,22.5562032589,114.1293992411
城市街区自助图书馆,22.5831725159,114.1371677022
深圳市妇儿大厦小剧场,22.5585663396,114.0509410996
自由人(石岩店),22.6568152657,113.919569309
欢乐海岸teamlab舞动艺术展未来游乐园,22.5314886615,113.9978061331
简阅书吧(桂花店),22.7365491273,114.0652760902
坪山区汤坑小学足球场,22.6762773416,114.320910642
迪士尼时尚disney,22.5341355482,114.0484348115
天台足球场,22.5404438864,114.038859287
American Tourister(吉之岛中信广场店),22.5450670231,114.1051614954
创富空中足球场,22.6835813564,113.936807186
贵族马术俱乐部(锦绣田园店),22.8252675258,113.9516588256
翠竹苑图书馆,22.6300965073,114.064161829
we spacewe space,22.5955988892,113.9805005397
巨风足球运动中心,22.677640216,113.894881367
足球俱乐部,22.5252074983,114.048392655
中心公园足球场,22.5519378234,114.081721366
American Tourister(南山吉之岛店),22.5224117002,113.9428609486
皇源足球场,22.6003224171,113.845197055
众晨曦足球场,22.755825404,114.287256542
万国置地,22.5477210461,114.062106471
张军明星足球俱乐部,22.5536566374,114.035424418
荣熙足球公园,22.6493090938,114.105534523
红钻足球俱乐部,22.548781075,114.070211221
池塘边足球场,22.7617300874,114.365807618
西丽足球训练中心,22.5972866222,113.9661447
gds万国数据,22.7351759403,114.108393362
丹青足球俱乐部,22.5465140598,113.933275391
ouou足球俱乐部,22.5708531566,113.877184738
深圳足球俱乐部,22.601271881,113.970233017
天鹏易展图书馆,22.5520775333,114.0927398515
启盟足球,22.5541473751,114.054751234
碧泉阁图书馆,22.5856363424,114.13209042
青马骑士有限公司,22.5578098007,114.114637996
欢乐海象剧场,22.611330701,114.3340872851
振鹏京剧院,22.5540819775,114.118862488
深圳市文化馆影剧院,22.5533642789,114.0990706435
华一实验小学足球场,22.7309680168,113.839626548
罗湖文化公园-欢乐世界剧场,22.5526140822,114.1330223207
自助图书馆(015布吉光华社区),22.6205560926,114.1223878142
自助图书馆(017坂田四季花城),22.6270485614,114.0636752473
杨美社区图书馆,22.6355753086,114.0814870191
畅鸿图书馆,22.7516208404,113.823871173
芙蓉球场,22.7501468215,113.848560267
坪山镇图书馆,22.6982133179,114.3520216957
沙井壆岗图书馆,22.7370306067,113.8283861353
罗湖图书馆(草埔东社区分馆),22.592615693,114.123330299
深圳图书馆城市街区24小时自助图书馆,22.5708795717,113.8933707618
24小时城市街区自助图书馆,22.6571235492,114.1186128976
南科大图书馆,22.6016154142,114.0046945001
简.阅书吧,22.5671621559,113.8719668064
华城社区图书馆,22.6323513172,114.0406734267
欢乐剧场欢乐六六,22.5456350858,113.9867577088
为足球梦想,22.5890906145,114.142330557
龙华新区图书馆(水斗新围分馆),22.64308812,114.0572151964
足球场小区136号〈幸福花苑〉,22.760150368,113.911639926
深圳图书馆城市街区自助图书馆市工人文化服务点,22.5530022692,114.1223200141
龙新社区图书室,22.7382799628,114.30843493
楼尚设计师图书馆,22.5675060078,114.1116226794
辅城坳足球场,22.7087882973,114.108353343
大荣足球基地,22.5455772112,114.034513917
尧熙足球俱乐部五和足球场,22.631420392,114.073777017
大学城哈尔滨工业大学深圳研究生院足球场,22.5936125177,113.973875854
壆岗小学足球场,22.7394209534,113.825005265
城市街区自助图书馆,22.5748217247,113.905107547
城市街区自助图书馆(皇岗社区上围服务点),22.5313002721,114.0682311382
瀛山玉画艺术馆,22.6839466116,114.1299556978
望佛斋远柏美术馆,22.6133593492,114.142625508
同心思纬频谱技术公司,22.5589774746,114.1153230189
悦健体育足球俱乐部银湖足球场,22.5870242029,114.079949249
简阅书吧,22.5310659525,113.9434346244
24小时自助图书馆,22.7189914607,114.2783358749
荣熙足球场,22.5570702131,113.922829021
简阅书吧三联韬奋书店,22.5497593707,114.045416753
百灵鸟上李朗足球公园,22.6609380188,114.127413007
长信成smt周边设备,22.7030332915,113.8410630437
kml注塑机周边设备,22.6636940101,113.8338229046
露天剧场,22.6114302762,114.3128064072
艺信画廊,22.6151804044,114.1435168875
筑博建筑技术系统研究有限公司,22.5362803545,114.0282692967
爱绿园林,22.6041542116,113.9476414017
简约书吧,22.6125917187,113.9792629939
汇美古董相机博物馆,22.5653347081,114.1040917293
福田区科学馆,22.5445252265,114.1054504458
深圳市宝安区新安街道民兵应急分队,22.5833083653,113.9212336412
百灵鸟华爵v5足球场,22.6445778378,114.073686706
百灵鸟沪教院福田实验学校足球场,22.5353078798,114.054108164
风飞城足球俱乐部培训基地,22.5565504466,113.951051052
门球场,22.5637046496,113.95537119
宝安流动图书馆(西乡福中福分馆),22.5703445815,113.8793900067
城市街区24小时自助图书馆,22.6266680945,114.0423455899
深圳图书馆城市街区24小时自助图书馆,22.7501099066,114.0257621702
福安社区图书馆,22.5371277155,114.060015207
平山社区图书室,22.5901832885,113.973623568
宝安社区阅读中心,22.5823034972,113.8660442906
信锐网科技术(学苑大道店),22.5983484526,114.0091203941
松岗沙浦门球场,22.7798359892,113.837897474
城市街区图书馆,22.6086414448,114.132422359
宝安社区阅读中心,22.5676415159,113.9105690984
深圳市文化馆(东南门),22.5531263936,114.0991880487
信息学院图书馆,22.6908678667,114.220890271
安乐图书馆,22.5607780971,113.907057114
城市街区自助图书馆,22.7851146012,113.9056604887
c·lifec·life,22.5498219214,114.0927246267
LIFE IDEALIFE IDEA,22.5401467839,114.0380870926
美斯学谷爱心图书馆,22.6316845242,114.0366467464
大红花艺术空间,22.614387456,114.1434589935
小野书吧,22.5315223328,113.9380789088
城市街区自助图书馆,22.7412979662,114.376416325
龙岗图书馆,22.6232090531,114.164494786
科兴科学园a4栋,22.5551879112,113.9500995587
福永群众文化艺术馆,22.6700561983,113.827583854
尚宝轩画廊,22.5816527859,113.8663286225
红星图书馆,22.7128542033,113.9127385516
安供电力技术有限公司,22.6355346962,113.93933602
罗马假日画廊,22.6151356383,114.1418724005
成果园林建设有限公司,22.5467228074,114.0542978431
碰碰车游乐场,22.6592239851,114.0281019641
城市街区自助图书馆,22.539506631,113.9561398706
epc艺术中心,22.5387925488,113.9927046716
奥谷奇技术有限公司,22.5745575056,113.873102137
美舫艺术画廊,22.497708197,113.9232592152
暾烨画廊,22.5665108702,114.114135301
英姿秀,22.6635381958,114.0379973543
安格利无线技术有限公司,22.7444539322,113.8368915677
艾博铁克技术有限公司,22.5882243603,113.874964804
金泰生态园,22.5798997084,114.0762378836
鳌湖美术馆,22.7365714587,114.0948323069
秦文轩,22.5432286763,114.1259689407
罗志光雕刻艺术馆,22.6314087552,114.1222395882
baby artbaby art,22.5248823504,113.9368512681
欣艺画廊(长春中路),22.7890577147,113.9007259189
3d加勒比魔幻实视界,22.6038517635,114.0541027235
福田区体育训练基地,22.5652747663,114.099920412
城市街区自助图书馆,22.6067139809,114.0620973024
三绿园林,22.5742622781,114.1737346066
罗湖图书馆,22.578337419,114.1403863873
深圳图书馆城市街区自助图书馆101号机,22.5250232831,113.9191224106
黄河艺术画廊,22.6155836447,114.1425389261
实创画廊,22.569390607,113.8723626962
红花山艺术馆,22.7804395781,113.9072574093
深圳生命科学馆,22.5749879161,113.9601514053
EURO ARTEURO ART,22.5131729726,113.929435972
立合同兴,22.5481496898,114.0953297107
认知技术,22.6003847588,113.9974330971
智车联技术有限公司,22.5467569082,113.9479950318
芯海互联技术,22.8121891849,113.9010712576
北大荒艺术画廊,22.7462921034,114.0984000775
红岭美术馆,22.5542923648,114.1105314215
深圳-遇见北欧圣诞主题乐园,22.5488621619,114.0929153158
聚源轩画廊,22.6831188456,113.8305599777
美霖画廊(布吉店),22.6150370206,114.1424089703
华伦鳄鱼,22.7372546632,114.2883313471
鱼画廊,22.567410926,114.1112088861
城市规划与土地政策研究所,22.5525116305,114.099836281
英广诗书画印艺术馆,22.5873259264,113.8993115206
凌创模型技术有限公司,22.7139508118,113.835646875
发科达表面处理技术有限公司,22.7857435026,113.841698345
朴罗·art,22.5671117552,114.111337327
铁牛足球俱乐部有限公司,22.7816214555,113.840567548
妙妙屋,22.6150825583,114.137000122
LIFELIFE,22.5150001921,113.929337448
和记生态馆,22.5498545445,113.9169386076
榕汇园林,22.6720581594,114.2264702289
雅鸿精密模切技术有限公司,22.6795675316,114.0238147124
下梅社区图书馆,22.5669779808,114.047472305
海洋舰网吧(极速店),22.763188937,113.8289308301
艾斯伊斯国际技术转移中心,22.5462588729,114.0768339376
龙华新区劳务工图书馆,22.6728221523,114.0552006199
中乾文化钱币字画展览馆,22.5373454686,113.9375629277
聚雅斋艺术馆,22.7180721084,114.0552257382
soccerworld足球馆,22.4982616153,113.92817886
华海技术有限公司,22.5519911482,113.9500239281
弘艺轩画廊,22.5661210846,114.1151735564
富丽显示技术有限公司,22.6148622608,113.8488452741
富临门艺术馆,22.6126990816,114.1424767765
盛大金禧(海滨广场理财沙龙),22.532689492,114.071746096
城市街区自助图书馆,22.6502983412,114.128710485
珍慧轩画廊,22.7723883817,113.8660074399
海洋王,22.5215354037,113.9331972863
松岗安富消防安全技术有限公司,22.7752817396,113.8439910666
东边足球场,22.6306234051,114.04548282
千年根雕艺术馆,22.5745718693,113.9089504604
酷刻刻字机,22.6799514824,114.135096451
慕兰萃植物养肤馆,22.6418032045,114.2334817624
群群乐儿童主题乐园,22.6590151521,114.0489327818
艺美画廊,22.5677801383,114.1122032281
靖亚画廊,22.5679871508,114.1122154802
蓝海洋,22.5922732071,113.9342083447
晨曦画廊,22.6157845679,114.1423222657
群群游乐园,22.6781768468,114.0210689267
百零八画廊,22.6060072287,114.1865754983
珍稀奇文博馆,22.7312021879,113.8352946887
诺雅画廊,22.5657591441,114.114664596
鑫艺轩画廊,22.7739635713,114.3113406999
颜料块画廊,22.5671394623,114.1126962607
精品画廊,22.7166684796,114.0831446235
盆景园,22.5495283172,113.9171012372
依徕乐竹纤维生态馆,22.567237724,113.9127918292
醉墨堂画廊,22.7276528457,113.8396427005
江南画廊,22.7266606501,113.8398413484
简阅书吧,22.753956366,113.9545950548
悠然居园林,22.5713759048,113.8836197143
东道主游乐园(红桂店),22.557099488,114.1180995824
陈列共和,22.5229131504,113.9421573644
龙华规划馆,22.6730880242,114.0490301477
Sunny LifeSunny Life,22.5780501184,113.8750658689
Simple life(深国投广场),22.5509228236,114.0181383054
沙鱼涌沙滩,22.6185991743,114.396244489
乐贝儿主题乐园,22.53123738,113.9333770881
桃源生态园,22.8236202287,113.8661250117
龙园号,22.7119623224,114.3456626649
吉庆嫂(公明街道店),22.7904991395,113.8891989095
东海湾私人沙滩,22.6435988811,114.4372227588
中国崖柏艺术博物馆,22.6952114476,113.8424122287
车公庙足球场,22.540329997,114.038739841
开心玩国主题乐园(宝立方店),22.5854994357,113.8981992312
球场粉店,22.7752985839,114.330703811
状元府景区,22.6590271022,114.112430299
四季园沙滩酒店-海的故事(深圳官湖店),22.6123704129,114.1501357786
宝山飞扬厅,22.7062187691,114.3357608109
碧岭社区图书馆,22.6738817373,114.2966677264
3d魔幻艺术展,22.5194619003,113.9393107855
2+1亲子俱乐部,22.534202185,114.5360390642
纹身艺术馆,22.615644609,114.0500660129
山厦社区图书馆,22.7099259042,114.1222820262
亚米(桥塘路),22.6955249114,113.812500049
Beta.FriendBeta.Friend,22.5562143473,114.082995624
甲子塘社区居委图书馆,22.7390512291,113.924420216
松泉社区图书室,22.5831627732,114.135490863
宝安图书馆(沙井畅鸿分馆),22.7513676241,113.8206492346
桥社区图书室,22.5415114731,114.1248487154
城市街区自助图书馆,22.697172593,114.351614104
三围宝安社区阅读中心,22.6199388835,113.8522172078
红荔社区阅览室,22.5606524658,114.104732058
PbearPbear,22.6473088733,114.054329772
新颖品,22.787252435,113.846993474
城市街区自助图书馆,22.5532272376,113.9833518703
城市街区自助图书馆,22.5983704769,114.062245458
生活小剧场,22.6369375706,114.0421921867
万利达有声图书馆,22.5435714889,114.1089895231
趣味捞鱼,22.7669056914,113.9658097955
宝安流动图书馆(西乡钟屋分馆),22.6294386516,113.8519604287
龙光社区图书室,22.5657106489,113.981668453
檀韵轩红木文化馆,22.7317202815,114.2296102101
君子布社区图书馆,22.723102365,114.105258125
城市街区自助图书馆,22.693203347,114.2250654969
龙华新区劳务工图书馆,22.7306575569,114.0596996887
城市街区24小时自助图书馆,22.5401356412,113.9183102895
奔康图书馆,22.6448909196,114.433496896
金隆影剧院,22.79030035,113.836310458
城市街区自助图书馆131号机,22.5908300956,113.963162695
同富裕工业城外来工图书馆,22.5931387781,113.990334391
悠.图书馆,22.5666518879,114.115312868
笑满堂曲艺剧场,22.670097231,113.8276236163
城市街区自助图书馆,22.6294111867,113.8204396019
竞思大剧院中心,22.5486624554,114.1155763543
甲岸社区图书馆,22.5675866084,113.910791657
城市街区自助图书馆,22.7349186542,113.8378671053
深圳图书馆城市街区自助图书馆(盐田大梅沙社区服务点),22.600872952,114.3110018771
龙岗区图书馆(平湖分店),22.70255765,114.1353739504
荣熙足球公园,22.5590474912,113.925273086
城市街区24小时自助图书馆,22.7557089411,113.94305926
可园奇趣岛游乐园,22.6128172966,114.1420361752
车龙城(甲岸路店),22.5596409976,113.903931139
共和国老将军书画档案专馆,22.5463374512,114.1074701874
飞翔星(新浩城花园店),22.5376428859,114.003067866
金地翠园,22.5300881145,114.0610660206
城市街区自助图书馆,22.5911613185,114.2812887033
隐舍inshow美术馆,22.5346457208,113.9678101522
张成璐艺术画廊,22.5284546915,114.0571613531
飞翔星(和平茂业店),22.5506647418,114.1207909389
欢乐宝宝儿童主题乐园,22.5228040765,113.945147025
翰韵斋画廊,22.6160844812,114.1429558547
梵高画廊,22.7708394569,113.8537548357
品昊天画廊,22.552925419,114.0924459097
游玩,22.5242056365,113.9354913951
影艺轩画廊,22.5529254716,114.0924488993
江山美术馆,22.5531325143,114.104749198
呱呱假期.,22.5441825452,113.97956124
三木野战俱乐部,22.5578852319,114.4901652364
新视线画廊,22.552925419,114.0924459097
紧绷,22.6042643846,114.1282604661
伍人行足球(玉龙新村店),22.5900420479,114.116788325
天主教万金圣母圣殿,22.6348809127,114.4280015809
梦见哥哥,22.6036051906,114.1277405809
木生当代美术馆,22.6710272396,113.8172825254
169画廊,22.552925419,114.0924459097
返老还童俱乐部书画创作室,22.6670068734,114.0265056408
一格画廊,22.5552306705,114.0920412522
招商果岭游泳池,22.5918406741,113.8631659417
汇艺油画有限公司,22.6084034774,114.124376428
鑫创亿游乐园,22.7009060073,114.3537021531
福道美术社,22.5417833226,114.0894856056
玉林雕刻画廊,22.6160284172,114.1426651302
世纪皇后艺术馆Century Queen's Gallery,22.7319073763,114.2740043331
深圳方特总部,22.5472595794,113.9411488232
她那里聊,22.6036055379,114.1274105119
新东园游戏城,22.544881068,114.1045964388
魔法星空馆,22.5469915644,114.0903619802
油画村1生产队,22.6144181533,114.1427066264
美尔雅茶艺画廊,22.7690573482,113.8534046419
华宝斋画廊,22.6144181533,114.1427066264
红黄蓝亲子园(前海中心园),22.5345218084,113.9206821312
艺昌画廊,22.552925419,114.0924459097
雅阁画廊,22.6723865136,113.82181335
美博会展有限公司,22.5652628997,114.0722742548
雅艺画廊,22.552925419,114.0924459097
馨艺轩画廊,22.532852779,114.0547837846
艺无界画廊,22.6160844812,114.1429558547
让家美画廊,22.6144181533,114.1427066264
长乐画廊,22.6716689287,113.8221610856
畅享画廊,22.552925419,114.0924459097
世和安全科技馆,22.742525776,113.9131176221
宝熙艺术馆,22.5635959599,113.9133162991
3D魔幻艺术展,22.5418586562,114.0688665155
东部华侨城大剧院(天禅),22.6394128857,114.282311563
彩儿美术馆,22.5509598677,114.1309801441
圆居堂琴茶文化馆,22.517047639,113.9106952514
一宝斋艺术馆,22.5518253984,114.1536768218
西田图书馆,22.8062877997,113.906792941
奥乐康东华明珠园水上乐园,22.6587760917,114.038166565
海韵沙滩休闲木屋,22.4883896233,114.5472628299
汇缘艺术馆,22.746583081,114.0981246121
坤泰世界高端轮胎专业卖场,22.7009370211,114.3522475606
雅轩画廊,22.7308662847,113.8353009267
学友网,22.5419255992,113.9809356137
反斗乐园(益田万佳店),22.5296958535,114.0641413626
新秀果果乐园,22.5534282876,114.151293816
棒棒糖乐园,22.5066248641,113.9291756127
国际展览中心,22.5692002462,114.1006854404
志城名画廊,22.5795281683,113.8636827496
武汉九九鸭石围分店(石围分店),22.7590449265,113.90468735
好宝贝游乐园,22.6800620758,113.8325540179
迪可可(太阳百货店),22.5517082734,114.1254998383
和平美术馆,22.7018108575,113.7992200559
德真书画艺术馆,22.6064938245,114.1861513315
余中朝诗书画艺术馆,22.6638165768,114.0110068537
艾斯球场,22.7284378136,114.085294381
笋岗五子登科书画教育培训中心,22.5730079153,114.120625139
王子贵族马术俱乐部,22.5600970506,114.0674219627
结缘奇石博物馆,22.574966615,113.8696046842
柠檬画廊,22.5860916582,113.8762885223
美术官·生色画廊,22.6157740116,114.1440009932
新起点画苑,22.6596331966,114.0166622594
万丰公园,22.7033252339,113.8319870369
钟表翡翠博物馆,22.5315253276,113.9276350228
华新村5人足球场,22.5564682766,114.090737842
十里红妆民俗博物馆,22.6765578952,113.8295411853
樊鸿宾美术馆,22.5528591388,114.1331037439
蠔博物馆,22.7383027427,113.8184084644
汤姆约克咖啡博物馆,22.6133824983,114.1175806511
普兰迪,22.5419331113,114.0372209323
原点艺术空间,22.5676903081,113.9873829247
辉丰贸易有限公司(福田农批市场店),22.5701707462,114.042962745
阳光乐园足球场,22.5612380962,114.152029457
伍人行布吉石芽岭足球场,22.6084235937,114.124438392
武汉九九鸭玉津分店(玉津分店),22.722187264,113.909907588
萌艺萌画苑有限公司,22.5187765878,113.9349731244
成合桌球场,22.6948944883,114.117178324
卡奇乐儿童益智乐园,22.6069166658,114.1494521397
华景花园5人足球场,22.5360973743,114.076269391
金鹏足球场,22.649783648,114.092239403
长园足球场,22.5588848946,113.950719241
伍人行盐田东海岸体育中心足球场,22.607430616,114.305723747
伍人行横岗振业城足球场,22.6410207585,114.184440356
海洋之心剧场,22.6393398505,114.2826668127
碧湖玫瑰园足球场,22.7273557383,114.245718332
武汉九九鸭甲子塘分店,22.7339041065,113.919905571
大芬油画村天逸墙绘,22.6144181533,114.1427066264
漂洋过海,22.6780499242,113.8318278237
深圳字控艺术馆,22.5735890713,113.8694388521
黄金海岸沙滩,22.4852301344,114.5502714006
国慧马术俱乐部,22.6093621219,114.1846622526
大梅沙5D/7D动感体验馆,22.5983537278,114.313587698
贝贝乐园,22.5275238667,113.937970017
南美水族管,22.6650347441,114.0674306075
沙井市民广场足球场,22.7328811946,113.812691208
金鹏足球场,22.6518797522,114.089873925
蓝鑫画廊,22.5529254716,114.0924488993
香草画廊,22.6151080375,114.1427060402
画廊,22.5560076416,114.110942425
雅典好书画廊,22.5859158129,113.8941234285
宝乐园母婴店,22.582703073,113.8769453458
艺通达画廊,22.7213413122,113.8135807551
古雅工艺美术馆,22.584881081,113.9623025208
金宝宝绘画艺术馆,22.5277420276,114.0532298968
一品居画廊,22.6144181533,114.1427066264
游于艺展馆,22.6144181533,114.1427066264
铭佳画廊,22.6144181533,114.1427066264
龙港区文化馆紫爵乐队,22.7265984894,114.256497207
三联社区图书馆,22.6642106275,114.0332641348
当代艺术馆,22.5303671233,113.9563030742
庆艺画廊,22.5529254716,114.0924488993
建设档案室,22.5696275071,113.9075072672
龙宝轩画廊,22.5755401879,113.9101482325
盛平图书馆,22.7378388316,114.2642115021
晨奇原创艺术馆,22.6144181533,114.1427066264
万丰原创文化作品展览馆,22.7310881516,113.8353247261
新二图书馆,22.7354053805,113.846033688
新阁社区图书馆,22.5756914203,114.08087432
深圳文化创意园展览厅,22.5245260804,114.0511996101
城市街区自助图书馆,22.6113704762,114.1197712543
紫荆社区图书馆,22.5519888455,114.053687586
深圳图书馆城市街区自助图书馆尚景社区服务点35号机,22.7334059466,114.2513361933
社区图书馆,22.7406938797,114.2770192
沙尾社区图书馆,22.5254691741,114.048173634
海乐社区图书阅览室,22.5614944212,113.904695133
艺品堂艺术馆,22.7063830144,114.225688827
合水口图书馆,22.7879876897,113.888722665
不舍斋艺术馆,22.5638178184,113.9145428668
宝安图书馆(翻身分馆),22.5736710556,113.8961280983
南澳街道南澳社区图书馆,22.5409545792,114.5015554747
世纪珍藏收藏品展览厅,22.663958258,114.0369767141
固戍社区居委会图书馆,22.5971761358,113.851111574
根竹园图书馆,22.7787943088,113.8806543191
葵新电子图书阅览中心,22.6345297696,114.4297481532
布心社区图书馆,22.5849349346,114.1461253603
田面社区图书馆,22.5485934807,114.083375609
莲花街道图书馆,22.5505924783,114.0516791962
福田区图书馆梅河社区图书馆,22.5712910543,114.0488201398
梅岭社区图书馆,22.5481585263,114.049103741
城市街区24小时自助图书馆永安社区服务点,22.5992063739,114.2530456133
福民社区图书馆,22.5293677105,114.0774742428
福田区图书馆(梅岗社区图书馆),22.562467461,114.089924415
中国国际文化产业博览交易会(中国茶宫分会场),22.5608507992,114.0490280124
金地社区图书馆,22.5251326089,114.040797551
文化馆B区,22.7269710403,114.256143739
图书馆(新港社区图书馆),22.522697962,114.0537401353
水上舞台,22.5462819189,113.9848343536
横岗图书馆,22.6471004245,114.204473445
少年宫儿童剧场,22.5422965107,113.929506009
爱的乐园,22.6301366803,114.1155788813
莲花三村社区图书馆,22.5513160983,114.075986125
竹园社区图书馆,22.5435205235,114.0233770785
世外桃源,22.5414700982,114.0063464782
文化馆A区,22.7271466669,114.2564963661
通宝斋艺术馆,22.7444256282,113.8174899677
文化馆歌舞队,22.7265826742,114.2564762905
新安街道青工图书馆,22.5824909327,113.921915808
杏花春馆,22.537459093,114.0017798009
沙头街道图书馆,22.5344674684,114.04955337
南园影剧场,22.5250887342,113.9240601668
深圳市城市街区自助图书馆(南山南园社区服务点店),22.5243690712,113.9234037003
新方舟画廊,22.5795228931,114.1463304683
喜地根足球场,22.5279852532,113.972486089
金碧社区图书馆,22.5291616395,114.0319999941
文化馆社区老年文艺队,22.7265796638,114.2564792814
森林乐园,22.5041116736,113.9071891631
福田区图书馆孖岭社区图书馆,22.5790367428,114.0702880866
国和文化书画院,22.7273312862,114.2772180809
香安社区图书馆,22.5535051007,114.0177812867
一通水墨艺术馆,22.6632330471,114.0247426173
鲤鱼跳龙门游乐场,22.6172672646,114.1340664469
春田画社,22.5494495914,114.0550379684
瓜瓜乐园,22.5491170787,114.0643822476
老深镇当代艺术馆,22.6167738107,114.1426849162
皇冠体育中心足球馆,22.5392982996,114.030670473
黄岗社区图书馆,22.5473137004,114.017416829
总商会档案室,22.5530015329,114.1158379225
臣田社区图书馆,22.60044157,113.8795877162
观澜村大布巷图书馆,22.7258425518,114.0587514221
深圳市龙岗区图书馆(大鹏分馆),22.5959405592,114.4877189971
经典画廊,22.5552119985,114.0920601701
福光社区图书馆,22.6017028541,114.005082239
蒲公英劳务工子女图书馆(大浪分馆),22.6591886532,114.013692517
后亭社区图书馆,22.7639537636,113.829264544
光华社区锦绣图书室,22.5406571337,114.0005384559
禾场头居民小组图书室,22.6858126808,114.3572112456
南岭美术馆,22.6044532527,114.1487069168
沙田村图书馆,22.764145443,114.407750797
大鹏革命斗争史展馆,22.5959295792,114.4877019928
后亭村图书馆,22.7588252794,113.828182536
城市街区24小时自助图书馆龙城新秀新村服务点,22.7296767311,114.225872725
中国山水画研修院(深圳分院),22.5795307028,113.9007699759
梅富图书馆,22.5623392966,114.049953199
南约图书馆,22.7004204982,114.2840997925
亚肯美术馆,22.6102683794,114.1087718279
陈烟桥陈列馆,22.7368611594,114.0903625766
回龙埔社区青年中心图书馆,22.7388793161,114.2326392754
薯田埔足球场,22.7848019723,113.882511373
大万居民小组图书室,22.6905871517,114.349276142
深圳南山法律文化博物馆,22.5525970818,113.9380436229
特区图书贸易中心,22.5463964929,114.1080764285
劳务工图书馆,22.7514414357,113.820681197
鹅公岭社区图书馆,22.6828524722,114.1618787319
梅林街道书画社,22.5711494084,114.0655561624
黄沙坑居民小组图书室,22.681108918,114.345852757
福田区园岭文化馆,22.5592659411,114.1058331853
金沙家电维修,22.7584988312,114.4037993667
鲁艺轩书画院,22.5523384117,114.1241816972
深圳科健坣岗足球学校,22.7398068031,113.825056905
金泽轩艺术馆,22.707462064,113.8156931559
少年儿童图书馆(大浪分馆),22.6592095339,114.0137105443
同乐社区图书馆,22.7192383893,114.3205210447
竹林社区图书馆,22.5437382635,114.016007575
宝安区图书馆(光明迳口分馆),22.7701908406,113.9733265386
新南村图书馆,22.6980261,114.135228283
天彩柔性天花展厅,22.5544362348,114.0912762099
深圳市南山区档案馆,22.5386868546,113.9370330152
兴盛画社,22.7687749072,113.8540544431
沙湖社区图书馆,22.6797802367,114.328090933
长乐书画苑,22.5529477155,114.0510624351
