逢简水乡,22.821298,113.160419
美的鹭湖森林公园度假区,22.846864,112.771329
长鹿旅游休博园,22.883131,113.294091
清晖园,22.841739,113.261982
西樵山风景名胜区,22.929227,112.983103
岭南天地,23.036074,113.122953
南风古灶,23.013115,113.086075
佛山祖庙,23.034734,113.120081
西樵山国艺影视城,22.914002,112.980138
南海影视城The CCTV Nanhai Movie and TV Town,23.192576,113.116031
南丹山森林王国,23.52938,112.883171
史努比缤纷世界,22.801548,113.290887
华盖路步行街,22.841529,113.25955
顺峰山公园,22.828828,113.285727
千灯湖公园,23.057632,113.153574
梁园,23.044302,113.120923
黄飞鸿纪念馆,23.035732,113.120356
美的鹭湖探索王国,22.846877,112.771316
吉维尼小镇,22.930828,113.186611
佛山创意产业园,23.020724,113.10366
长鹿休闲度假村,22.885079,113.297071
宝林寺,22.818915,113.283284
碧江金楼Bijiang Golden House,22.948387,113.269315
美的鹭湖爱丽丝庄园,22.846872,112.771316
大旗头古村,23.28542,113.025633
皂幕山,22.744268,112.784211
鹭鸟天堂,22.867088,112.980165
南国桃园,23.188552,113.117199
平沙岛,22.930385,112.895368
长鹿旅游休博园童话动物王国,22.884176,113.296537
领南天地,23.0360520002,113.1227630662
南海丹灶翰林湖都市型生态农业园,23.0559,112.944
陈村花卉世界Chencun Flower World,22.986137,113.169647
三水大佛,23.193932,112.882545
海寿岛Haishou Island,22.816026,112.993574
容桂街道,22.7682265036,113.2651379512
南海观音寺,23.181289,113.115198
梦里水乡百花园,23.23288,113.180881
顺德生态乐园,22.878576,113.291352
高基街,23.046026,113.11657
顺德博物馆,22.805535,113.30049
北滘镇,22.9340429768,113.213698857
孔圣园,23.194262,112.884023
南海湾森林生态园,22.862645,112.88703
长鹿旅游休博园尖叫乐园,22.883273,113.294444
石湾陶瓷博物馆,23.010599,113.085223
长鹿旅游休博园动感玩水区,22.884742,113.294147
荷花奇境(三水荷花世界),23.202263,112.911178
三水森林公园San shui Forest Park,23.189911,112.876365
海立方海洋公园,22.7574768946,113.3127948926
龙潭龙母庙,22.8215579987,113.1425066153
孔庙,23.034142,113.119552
芦苞祖庙,23.3381690979,112.8991445568
东华里,23.036359787,113.1248274369
花溪公园,26.439064,106.67839
庆云洞,22.859989,112.884404
长鹿旅游休博园农家乐主题乐园,22.884705,113.292782
南海大湿地公园,23.086081,112.973743
佛山科学馆新馆,22.9738695294,113.123026279
碧江工业区,22.955011,113.264847
平洲玉器街,23.033331,113.212322
大浩湖度假区,23.1068058014,113.0630336091
钟楼公园,22.8460483551,113.2601360368
云东海街道,23.2185479917,112.883660757
北滘公园,22.9376973925,113.2179944933
郭氏祖祠,22.8210267599,113.1621748991
敦厚村文体广场,23.0561,113.115
平东社区公园,23.0249,113.224
佛山星空错觉艺术馆,23.0622870663,113.174595572
花海流潮,23.1827132168,113.179068941
碧波湖,23.1960582733,113.1136783893
季华园,23.0167732239,113.1198488319
高明世纪钱币博物馆,22.8980770111,112.9070642457
锦霞禅院,23.041764863,113.1292149231
广东粤剧博物馆,23.0330104828,113.1264226681
仙湖度假区,23.063611,112.89483
仁寿寺Ren shou Temple,23.039073,113.11971
江滨公园,23.0383358002,113.2198224935
觉妙净院,22.8200111389,113.1637960823
石湾公园shi wan park,23.014221,113.086869
水城乐园,23.0266416901,113.114847788
碧江荫老园,22.943944931,113.2706780808
顺德农民自卫军干部学校旧址陈列馆,22.8464,113.258
哇哇哇童欢儿童乐园,22.9808,113.151
疯狂卡丁车,23.0288121168,113.1751041038
白云洞景区,22.9383296967,112.9723915286
简氏别墅,23.0361213684,113.1219449943
西樵黄大仙祠景区,22.9131679535,112.9813621815
树生桥,22.7666549683,113.300166444
罗浮宫国际家具博览中心Louvre International Furniture Exhibition Center,22.950618,113.095953
李小龙故居,22.728461,113.137072
盐步小提琴教堂,23.0863437653,113.190533985
路涌龙头公园,22.7757,113.16
易田园林景观,23.0064975555,113.1429448491
薰衣草,22.9662804382,112.9611408497
李小龙乐园li xiao long park,22.727681,113.132062
西樵山东湖,22.939735,112.986314
顺峰山公园-北区,22.831,113.284
西山庙,22.8463344574,113.258280501
乐从文化公园,22.957151413,113.104902127
汀圃社区图书室,23.2120152093,113.0194155615
泰康山生态旅游区,22.904946,112.701248
泰康山,22.8980712891,112.7009134626
南海影剧院,23.0419524242,113.2038519386
杨梅观音禅寺,22.8160648346,112.8170634657
玄憬龙博物馆,22.866027832,113.0159051034
南海北村陈家祠,23.129699707,113.185715997
佛山环宇城侏罗纪冰雪世界,23.0498920303,113.1634353478
碧玉洞,22.9412879944,112.9917505971
龙涛湾森林动感水城,22.860005,112.859186
九道谷漂流风景旅游度假区,23.566644,112.854639
西樵影剧院,22.9461,112.982
奇妙冰雪小镇,23.036049,113.121485
荷城公园,22.9085558654,112.899305308
金沙洲天空之眼摩天轮,23.1463186526,113.2035823925
和之梁公祠,22.8219025573,113.1618507967
红木文化广场,23.0261,113.161
夏一下站天后,23.0686,113.161
岭南酒文化博物馆,23.0069,113.086
文武北帝古庙,23.0199,113.166
小太阳游乐园,23.1161,113.192
邓氏纪念馆,23.1789,112.981
海傍公园,22.7869,113.288
海洋水,23.038,113.13
狮山公园(狮山环路),22.7666,113.269
夜市广场,23.096,113.118
儿童乐园(罗村店),23.0667,113.051
儿童乐园,23.0114,113.235
世界陶瓷文化广场,22.9667,113.025
漕渔新村公园路北五街,22.8099,113.291
拱北公园,23.1213,113.129
观音公园,23.1298,113.185
徐氏宗祠,23.2382,113.162
磻溪吕公祠,22.785,113.167
鸡洲庙,22.8682,113.272
邵氏大宗祠,23.0367,113.249
得意儿童乐园,22.9653,113.087
乐从镇钟楼公园,22.9638,113.096
共济善堂,23.1247,113.202
文帝公园,22.7643,113.255
高明视觉集群,22.8982,112.908
桂畔湖湿地公园,22.8279,113.302
建源社,22.7851,113.29
童乐堡儿童乐园,23.1269,113.012
公园涵洞,23.0631,113.055
张氏大宗祠,22.9484,113.12
高明华盈广场,22.8933,112.895
罗东村罗东祠堂,23.0614,113.052
玄憬龙博物馆岭南分馆,23.0363,113.123
乐悠游佛山环市店,22.8446,113.271
摩天轮,22.9342,113.215
佛山柏宜玉石展示中心BaiYi YuShi ZhanShi ZhongXin,23.0289457014,113.2181374159
杨家村足球场,23.0872829885,112.92726124
佛山市联合图书馆成员馆,23.1095516771,113.105937099
鳄鱼,23.0638194824,113.0581288145
梵石画廊,22.8998924992,112.8701660198
顺鼎画廊,22.934386698,113.2109398901
哥哥的,22.9606348689,113.237360132
雄健羽毛球俱乐部,23.0244839122,113.143091751
猪猪侠3D童话世界主题公园,22.9416203849,113.2126638473
冒险岛(大良嘉信店),22.8028733171,113.296584546
顺德博物馆,22.8052381266,113.3002145728
全国3D魔幻艺术巡回展,22.8439477667,113.2628007693
生生文化艺术馆,22.9867485632,113.1677708072
陈村镇图书馆,22.9653999641,113.2467669573
新城足球场,22.9707157308,113.12193166
恐龙园,23.020436716,113.1040624708
丹灶镇图书馆,23.0466188185,112.9264261659
西岸茶山庆云洞,22.8596354908,112.8854538445
铁军公园,23.029366,113.109535
游得酷水上乐园,22.797856,113.350355
半月岛湿地公园,23.00133,113.172195
唐代龙窑遗址陈列馆,22.8978042603,112.9071509549
状元公园,23.0775680542,113.0569825792
九龙岩景区,22.9235954285,112.9763840562
南海观音文化苑,22.935354,112.983695
乐从国际会展中心,22.9575328827,113.0927073617
灵龟园,22.8978042603,112.9071509549
明远桥,22.8210945129,113.1587791962
西樵平沙岛水上乐园,22.926813,112.910105
文华公园,23.0208452279,113.1397541975
佛山植物园,23.1047853498,113.0010542523
南国丝都丝绸博物馆,22.8042793274,113.3122589769
万顷园艺世界,23.2778061687,113.1524936027
黄飞鸿狮艺武术馆,22.93011,112.951583
甘竹滩,22.79343,113.095716
霭雯教育农庄,22.8323020935,112.6857499829
三水森林赛车俱乐部,23.183492089,112.8690850703
飞霞洞,23.7269752881,113.183598017
前进汇展中心,22.8819186669,113.0596999429
万福台,23.034278,113.120577
岑氏宗祠,23.0079,113.124
大吉利公园,22.7289,113.28
江义影剧院,22.8887,113.168
曹氏宗祠,23.3465,112.906
新昌小镇,23.3745940353,112.9538087313
榕园,22.7785,113.292
雅聚游乐园,23.0682,113.098
法兴钱公祠,23.28,112.894
大吉公园,22.8109,113.293
金色广场,23.0371,113.175
滨河景观公园-儿童乐园,22.9779,113.126
骏雅广场(皇朝西路),23.1007,113.181
顺德太子休闲农庄,22.724925,113.2246
佛山中旅(九江门市部),22.8399,113.018
三水森林赛车会,23.192568,112.883401
开心岛儿童水上主题俱乐部,23.2334,113.083
基督教里水堂,23.1865,113.157
沙头影剧院,22.9196,113.035
佛山罗村文化中心影剧院,23.0644,113.054
乐悠游儿童游乐场,23.2292,113.082
社区文化广场,23.234,113.081
徐氏宗祠,23.2157,113.081
礌岗公园北门千灯湖,23.0524,113.152
鹿眠李氏宗祠,23.1953,113.135
四季水上乐园,22.9352,113.225
白石岗古庙,23.2487,113.142
北帝庙路,22.9691,113.254
水月宫观音,22.9788,113.109
六巷,22.8353,113.276
乐科学馆,22.7667,113.262
极限游乐场,23.0333,112.959
乐洋洋儿童游乐园,23.1895,113.201
横街新村六巷,22.9945,113.105
华南公园,22.7672,113.288
小木马儿童主题乐园,23.1457,113.208
中山小榄镇菊城影剧院,22.68,113.24
乐趣荟广场,23.1122,113.13
南庄消防主题公园,22.9847,113.017
今日城宣言广场,23.1886,112.878
佛山市影剧院,23.0377,113.118
水上乐园,22.8561,113.143
西华寺,23.2075,113.208
快活谷农庄,22.7135,113.257
杏坛影剧院,22.7873,113.161
南头文体广场,22.717,113.29
顺德区勒流镇大凤岗公园,22.8233,113.21
报恩禅寺,22.7274,113.351
和园,23.1718,112.912
北约观音大庙,22.7328,113.355
平洲文化中心影剧院,23.036,113.215
陆氏大夫祠,23.2789,112.906
五松坊公园,22.8511,113.046
外村公园,22.7095,113.137
清祖梁公祠,23.3101,112.889
银星影剧院,22.8619,113.142
何氏宗祠(大望岗),23.214,112.845
吕村公园,23.2399,113.099
宝源文化广场,22.6882,113.231
陈启沅纪念馆,22.9511,112.96
埾祖梁公祠,23.3096,112.888
观音堂(大谷观音堂路),22.8342,113.046
我爱宝宝儿童百货市一店儿童游乐场,23.011,113.13
三社兰溪公园,22.7291,113.35
凤山公园,22.6826,113.24
惠景公园,23.0036,113.119
三水区大南山森林公园,23.3959,112.812
石梁喷泉广场,22.9966,113.126
升平广场,23.0448,113.123
儒林广场,22.837,113.002
永宁社区螺沙体育健身休闲公园,22.6673,113.218
天佑城海洋馆,22.9529,113.114
水上关帝庙,23.0484,113.128
菊城广场,22.6744,113.24
广东省博物馆探粤空间佛山分部,23.0247,113.131
建华健身公园,22.7056,113.221
夏南二荷花广场,23.0591,113.189
真成周公祠,23.2832,113.1
南越新村六巷,23.0605,113.175
梁氏大宗祠(翠湖园东南),22.7099,113.15
黄岐全民健身广场,23.1381,113.192
丽日都会广场,23.0004,113.116
更楼影剧院,22.7876,112.589
玉泉洞仙庙,22.7416,113.355
万盛程公祠,23.2444,112.896
南水中心广场,22.8549,113.191
顺峰文化艺术乐园,22.806,113.285
儿童游乐园,22.9509,112.917
祠堂东巷,22.9794,113.163
杏坛广场,22.7935,113.16
小塘影剧院,23.0962,112.99
七彩儿童乐园,22.8566,113.052
隆庆陈氏宗祠,22.9879,112.997
贝美嘉儿童乐园,23.0186,113.137
功德善祠,22.9356,112.987
鱼骑士儿童主题水育乐园,23.016,113.124
星期六儿童成长主题乐园,23.1132,113.125
乐贝儿游乐园,22.8477,113.265
欢乐童年游乐场,22.9518,113.114
银海儿童游乐园,22.9037,112.902
趣乐堡儿童乐园,22.7221,113.148
六一卡通乐园（奥飞欢乐王国）,23.0188,113.105
1号船长儿童拓展乐园,22.9387,113.222
美+纷儿童乐园(中港店),22.8997,112.879
金贝儿儿童主题乐园,23.1782,112.899
考拉大冒险儿童乐园,22.9756,113.016
大拇指儿童百货&儿童乐园,23.0638,113.06
童话演义儿童乐园,22.9655,113.092
盛畅儿童乐园,22.8615,112.712
童梦王国,23.0661,112.953
童心堡 益智乐园,23.1163,113.13
星期六儿童水上主题乐园,22.8021,113.296
酷乐城儿童主题乐园,22.9546,113.09
城市勇士儿童拓展乐园,23.1148,113.196
美卡兰儿童成长乐园,23.1149,113.195
南海城乡规划展示厅,23.0576,113.162
楼兰陶瓷洞边仓,23.1104,112.991
思普瑞德水上乐园厂家,22.9349,113.226
创乐水上乐园设施,23.1841,113.082
英福力皇,22.8931,112.888
顺德区港华燃气有限公司瓶组站,22.7604,113.275
狮山镇松夏社区文化广场,23.1723,113.077
市民广场,23.1255,113.009
城市广场儿童乐园,23.0401,113.163
风之谷,23.0444,113.161
巧手丫(凯德广场店),23.0393,113.147
假日广场,23.042,113.161
曹边休闲广场,23.0913,113.106
捷和广场,23.1885,112.916
福音堂,23.1599,112.908
室内儿童主题亲子乐园,23.0555,113.14
美+纷儿童乐园,23.0448,113.126
上朗休闲广场,23.0447,113.063
康富广场,23.0609,112.921
同乐广场,23.0763,113.107
星河广场,23.114,113.135
滘口文体广场,23.1215,113.145
金贝儿童,23.1783,112.899
老少娱乐园,23.1037,113.141
奇乐儿儿童主题公园,23.067,113.155
风车广场,23.0417,113.161
儿童欢乐天地,23.0389,113.163
市民广场,23.0596,113.153
南海全民健身体育公园-中心广场,23.0757,113.151
扬帆广场,23.0587,113.146
嫁娶广场,23.0361,113.123
太哲亲子艺术体验乐园(普君新城站),23.0327,113.131
雄狮广场,23.0185,113.135
玉玄宫(丝绸大街),23.0424,113.113
智慧新城喷泉广场,23.016,113.066
小天使儿童主题乐园,23.0982,112.948
张槎街道海口村文体广场,23.0183,113.079
莲塘文化广场,23.0227,113.057
紫南文化广场,23.0086,113.006
新市社区(凤山)体育健身公园,22.6818,113.24
树阵广场,23.2009,113.156
家100文化大广场,23.2693,113.022
范湖广场,23.3098,112.986
郁水广场,23.1992,113.161
升平文化广场,22.8363,113.267
东风文化广场,22.8774,113.144
南区广场,22.828,113.261
福胜中路与福胜西路,22.7712,113.239
景湖公园(南苑西路),22.8758,113.229
金马影剧院站自行车租赁点,23.026,113.115
童乐堡儿童乐园,23.0183,113.122
南北幸福堂参茸药材店,22.6784,113.238
卡丹斯专业健身中心（绿景店）,23.0031,113.112
卡丁车,22.8843,113.297
移动音乐厅,22.9507,113.127
大沥巴黎春天步行街罗马广场,23.1124,113.128
汇浦广场,23.1558,113.097
泡泡糖儿童主题乐园,22.8829,113.219
嘉惠儿童乐园,23.1444,113.225
龙江文化健身广场,22.8749,113.082
杨和镇文化活动中心广场,22.8762,112.794
逗逗乐游乐场,22.8978,112.893
明城广场,22.8633,112.715
施坦威音乐厅,23.0436,113.127
中山市小榄镇骨灰馆,22.6685,113.229
南约广场,23.0272,113.168
瀑布广场,22.9781,113.133
火炬广场,23.0186,113.068
澜石文化广场,22.9861,113.113
河畔休闲广场,22.9784,113.128
佛山大江村绿地广场,23.0335,113.082
力会健身服务部,22.8439,113.261
大墩演艺台,22.9633,113.126
成功酒店家具广场,22.934,113.098
银星-协和广场,22.8552,113.264
大岑文化广场,22.7546,113.348
佛山农业公园,23.3039,112.902
吴氏世祠,23.1869,113.171
安乐园,23.1824,113.116
奇妙岛儿童乐园,23.2031,113.171
游乐设施,23.2052,113.164
慕道马公祠,23.2075,113.17
狮山基督教教堂,23.13,113.018
游乐设施,23.1634,112.898
慧兴儿童游乐园,23.1326,113.014
吕氏大宗祠,22.8374,113.207
南圃何公祠,22.8921,113.155
城西公园,22.8631,113.124
乐贝儿游乐园,22.8587,113.136
亲子乐儿童乐园,23.1509,113.107
大王庙,23.1571,113.113
侣梧关公祠,23.169,113.117
泰阅梁公祠,23.1603,113.139
桂园,23.1381,113.12
乐奇多儿童乐园,23.1481,113.172
华佗庙,23.1569,113.109
罗城公园,23.1347,113.146
奇乐儿儿童主题公园(大沥步行街店),23.1125,113.128
陈氏大宗祠,23.1412,113.079
游乐设施,23.1161,113.13
儿童免费游乐场,23.1155,113.2
子通邓公祠,23.122,113.124
作霖黎公祠,23.1331,113.156
德元谭公祠,23.1748,113.126
蛇龙公园,23.1088,113.143
大石古庙公园,23.2027,113.134
通所李公祠,23.2185,113.106
燕堂周公祠,23.2077,113.058
游乐设施区,23.1792,112.896
美加纷儿童乐园,23.1154,113.196
湿地公园,23.1956,113.08
公六梁祖祠,23.1889,112.91
三江水韵公园,23.1797,112.926
百舸息湾,23.0511,113.124
湛河公祠,23.0849,113.121
潮源社,22.7661,113.258
丰华社,22.7637,113.263
均安镇星槎鼎隆祠堂,22.743,113.125
艾茶小镇,23.0449,113.117
莲溪刘公祠,23.1084,113.143
粤和曲艺,23.0479,113.128
D座12号大堂,22.8018,113.294
兄弟公园,23.0621,113.174
咪哒,23.0501,113.164
文化公园-夜间游乐场,23.1643,112.901
古树公园,22.7335,113.351
三界庙,22.7421,113.333
何氏大宗祠,22.7339,113.348
李元帅庙,22.769,113.252
中山市静安馆,22.7366,113.35
祠公何宇俊,23.0594,113.13
四基公园,22.7758,113.258
藏经阁,22.8191,113.286
儿童夜色游乐园,22.7871,113.282
和合公园,22.774,113.301
卢氏大宗祠,22.8826,113.202
城南公园,22.8547,113.137
贝儿健,22.8634,113.125
大谷公园,22.8344,113.05
九江镇望海观音寺,22.8288,113.012
儿童乐园,22.8566,113.052
顺天颜公祠,23.0948,113.159
叮咚儿童乐园,22.7916,113.161
福安公园,22.7757,113.268
番村立交湿地公园,22.8048,113.199
陈氏家庙,22.8115,113.126
益智儿童乐园,23.0615,113.106
童星儿童乐园,22.7768,113.282
元庵杨公祠,23.0607,113.05
少颜胡公祠,23.1057,113.063
沣阳李公祠,23.0593,113.058
奇乐儿儿童主题公园（鸿大广场店）,23.0552,113.141
真武古庙,23.0804,113.153
汾宁古道,23.0459,113.126
叶氏大宗祠,23.1064,113.141
西窓陈宗祠,23.1013,113.096
列圣宫,23.0449,113.094
朱氏宗祠,23.074,113.097
南湾罗公祠,23.0432,113.053
廉泉曹公祠,23.0871,113.105
净意庵,22.6673,113.233
旋转木马,23.0442,113.161
祠公江叟遁,23.0628,113.141
基督教鲤鱼沙堂,23.0533,113.136
颜边松隐家塾,23.0972,113.16
MELANDMELAND,23.0499,113.163
革命烈士陵园,22.6813,113.239
大雄宝殿,22.6675,113.233
灵雅儿童乐园,23.0717,112.855
幸运之星,23.0432,113.161
康有为书法艺术院,23.0553,112.894
业昌颜公祠,23.0513,113.017
游乐设施,23.0393,113.172
欢乐岛儿童乐园,23.0448,113.126
仇公大夫祠,22.9923,113.23
陈氏大宗祠,23.1024,113.098
杨氏大宗祠,23.0606,113.05
罗村花灯公园,23.063,113.054
南海区狮山镇罗村体育公园,23.054,113.047
寨边五队李氏宗祠,23.0581,113.062
谢氏宗祠,23.095,113.02
江氏宗祠,23.068,113.092
蒙氏宗祠,23.0748,113.075
莲藕塘公园,23.0875,113.106
孙氏宗祠,23.0702,113.102
友唱,23.0624,113.107
蔡氏宗祠,23.1076,113.029
大藤社公园,23.086,112.96
颜氏公祠,23.051,113.018
百度尊皇俱乐部,23.0351,113.134
喜乐儿儿童乐园,23.0181,113.123
佛山市陶艺文化促进会展馆,22.9873,113.167
Fundoland（印象城店）,23.0171,113.129
恐怖城,23.0266,113.116
区适子纪念馆,22.9787,113.146
碧桂园华润·新城之光佛山城市展厅,22.9921,113.131
佛山乐园儿童大世界,23.0274,113.116
咪哒,23.0189,113.144
振纲陈公祠,22.9937,113.113
晃泉何公祠,22.9921,113.139
宋提督梁公祠,23.0267,113.202
海祯梁公祠,22.9958,113.126
游乐设施,23.0176,113.161
平西社区公园,23.0264,113.196
东贰村公园,23.0143,113.104
西陇陈公祠,22.9768,113.075
运动公园,22.9696,113.109
波波池,23.0094,113.093
伊法达游乐园,23.0354,113.095
豪翁简公祠,23.0183,113.098
卡乐奇儿童乐园(永丰店),23.0243,113.111
西隐陈公祠,23.0148,113.078
乐的儿童乐园,23.0318,113.132
公仔区,22.9379,113.221
郭氏宗祠,22.9198,113.263
陶陶儿童乐园,22.9464,113.265
桥南公园,22.9664,113.238
青柯公园,23.0228,113.089
勒竹公园,22.9683,113.26
包相府,22.92,113.267
友梅黄公祠,22.9648,113.117
悦忠周公祠,22.9474,113.119
l小涌公园,22.9644,113.135
飞时代,22.9527,113.115
儿童乐园,22.9685,113.144
周氏宗祠,22.9672,113.106
周家旧居,22.9336,113.231
美纷儿童乐园,22.959,113.247
安觉何公祠,22.9653,113.139
法堂,22.9365,112.984
敬源梁公祠,22.9265,113.076
霍氏宗祠,22.954,113.095
罗沙厦街公园,22.9204,113.073
梅川黄公祠,22.9193,113.089
七彩主题儿童乐园,22.9244,113.079
五岳古庙,22.9383,113.054
楼平刘公祠,22.968,113.102
石景宜珍藏展(1),22.9131,112.984
咪哒,22.9545,112.99
儿童开心乐园,22.9457,112.987
李子长墓,22.9279,112.979
微乐纷,22.8997,112.89
咪哒,22.8331,113.281
革命烈士纪念碑,22.8462,113.257
贝儿儿童乐园,23.0391,113.16
乐庆休闲广场,23.0514,113.141
富星广场,22.9653,112.974
金沙·中心广场,23.1159,112.931
中建领秀广场,23.0648,113.148
佛山市铂泰广场,23.032,113.196
萧地公园,22.8889,113.157
嘻哈乐儿童主题乐园,23.0385,113.194
赤花文化广场,22.9694,113.25
铜锣湾公园,23.2531,113.146
点将台,23.1921,113.115
南鸣李公祠,23.2241,113.145
佛山开元寺,23.5165,112.877
理雄李公祠,23.2177,113.112
永南小区文体广场,22.6673,113.235
璜溪公园,23.1193,113.1
周氏宗祠,23.132,113.156
道头公园,23.1225,113.16
符氏宗祠,23.1357,113.156
张氏宗祠,23.1319,113.129
萌萌宝(中成广场店),23.1447,113.106
旭日广场,23.0181,113.071
常安公祠,23.1206,113.1
仕齐吴公祠,23.1218,113.083
兑币机,23.1447,113.106
友唱,23.1447,113.106
淘堡乐园儿童主题公园,23.122,113.199
福聚钟公祠,23.1187,113.137
土地庙,23.1714,113.197
如矢李公祠,23.126,113.117
维和周公祠,23.1146,113.112
黎氏大宗祠,23.1239,113.175
关边社,23.1146,113.167
关氏大宗祠,23.1146,113.167
普天大药房健康广场,23.0375,113.114
乐贝儿游乐园(黄岐店),23.116,113.193
仁履,23.1261,113.168
石门森林公园,23.1858,112.879
公园西路18,23.1324,113.203
潘祠堂北二巷8,23.1402,113.212
快乐宝贝儿童乐园,23.1119,113.131
南海神庙,23.1858,113.087
丰量祠堂,23.1798,112.967
吴氏大宗祠,23.1808,112.919
友唱,23.1133,113.125
幸运之星,23.1143,113.196
贝儿健儿童乐园,23.123,113.184
月池公园,23.1866,113.171
南海花卉博览园,23.1865,113.181
谢氏宗祠,23.2199,113.143
颐苑,23.1965,113.163
莲园,23.2203,113.11
荷花欢乐天地,23.2022,112.907
萌哒儿童乐园,23.2373,113.027
嘟嘟马儿童乐园,22.8029,113.296
儿童智趣乐园,23.04,113.163
吕相府,22.7776,113.26
同德园,22.884,112.903
德胜河滨公园,22.7864,113.306
VR主题乐园,22.7683,113.275
游乐设施,22.8024,113.296
雪松刘公祠,23.1085,113.141
摇摇车,23.0555,113.14
幸运之星,23.0432,113.161
兴安海蚀遗址,22.7455,113.357
芝哗哗儿童欢乐屋,22.6745,113.236
联盛公园,22.8068,113.377
临海庙,23.0679,113.129
糖果Baby游乐园,23.176,112.917
极限公园,22.8469,113.282
鸡洲公园,22.8648,113.275
开心玩国,23.132,113.017
一周陈公祠,23.1271,113.026
咪哒,23.1273,113.012
联沙水上乐园,23.1264,112.924
突击战神,23.1633,112.898
夫人纪念楼,22.893,113.086
飞马公园,22.8951,112.872
沙坑公园,22.8726,113.071
银坑村祠堂(乡约),22.8646,112.89
青龙阁,22.8261,113.284
路州村体育公园,22.946,113.121
华陀庙,22.7858,113.321
四圣宫,22.8694,113.072
哆乐游乐园,22.8645,113.133
滨江西公园,22.8723,113.218
三洲中心公园,22.8894,113.278
颜边公园,23.0968,113.158
金殿国际,23.0864,113.159
三界古庙,23.0841,113.17
江氏宗祠,23.0625,113.139
鉴溪公书舍,23.0986,113.119
童心屋,23.0398,113.165
联安休闲区,23.1063,113.165
广东省半导体照明产业成果展示厅,23.0488,113.049
三帝古庙,23.0903,113.158
碧轩,23.0992,113.132
迷雅古魔术俱乐部,23.04,113.175
南头公园,22.722,113.297
美加纷儿童乐园(保利店),23.0679,113.155
yuyuto(万科店),23.0416,113.162
谢氏大宗祠,23.1054,113.117
大夫家庙,23.0969,113.124
鸿圣庙,22.7379,113.349
游乐设施,23.0391,113.147
迎宾广场,22.9916,112.921
成庄何公祠,23.0582,113.132
向亭颜公祠,23.0971,113.159
周氏宗祠,23.1015,113.163
公仔王,23.0427,113.124
新龙村公园,23.0869,113.125
小榄水乡民俗馆,22.6735,113.236
省机公园,23.0509,113.148
星期天儿童乐园,23.0443,113.161
城市广场-亲子水上乐园,23.0414,113.163
鸿辉游乐园,23.099,113.137
北轩祖祠,23.087,113.093
游乐设施,23.0389,113.107
徐氏宗祠,23.0459,113.104
杨氏四世祠,23.0606,113.05
全自动兑币机,23.0748,113.059
秀村叶公祠,23.0744,113.049
承源蔡公祠,23.0792,113.026
考拉大冒险儿童主题乐园,23.0677,113.054
童心堡儿童乐园,23.0747,113.06
加勒比海儿童游乐园(罗村),23.0634,113.06
朗兴公园,23.0462,113.063
蔡氏宗祠,23.003,113.128
咪哒,23.0323,113.118
星奈吉,23.0181,113.16
香港3861国际生活馆,23.004,113.141
海盗船,23.0272,113.117
童之梦儿童乐园,23.0189,113.144
萧氏宗祠,22.9953,113.112
美荷收藏馆,23.0295,113.153
南海金融公园,23.0753,113.167
ICE MEGAFUNICE MEGAFUN,23.0382,113.194
区氏大宗祠,23.0893,113.145
儿童乐园,22.982,113.242
长廊公园自行车租赁点,23.0096,113.123
木岑陈公祠,22.9943,113.113
淘乐园海洋主题乐园,22.9527,113.113
岳明公园,23.0012,113.247
南庄镇河滘村文体广场,22.9521,113.057
欢乐喷球车,23.0274,113.116
东山潘公祠,23.0036,113.103
富溪公园,23.0297,113.055
帝王庙,23.0043,113.044
竹溪梁公祠,22.9956,113.104
挹芳里公园,23.028,113.102
上华公园,22.9779,113.076
光明灶古窑遗迹,23.0109,113.084
远所潘公祠,23.0036,113.103
思想公园,23.0079,113.045
莲塘戏台,23.0226,113.057
下东公园,23.023,113.092
太上庙,23.0316,113.128
栢塱公园,23.0061,113.079
直波简公祠,23.0179,113.098
儿童乐园,23.0194,113.146
西隐陵公祠,23.0147,113.078
云庄黎公祠,22.9138,113.201
顺江公园,22.9105,113.222
欢乐儿亲子乐园,22.9381,113.221
双溪梁公祠,22.9287,113.236
刘道沾纪念楼,22.9663,113.116
周家祠公园,22.9348,113.211
咪哒,22.9379,113.221
金紫名宗,22.9269,113.266
观音阁,22.957,113.078
VR游艺体验馆,22.9526,113.114
原兴周公祠,22.9476,113.119
兰月陈公祠,22.9471,113.083
张氏大祠堂,22.9394,113.131
PP虎2,22.9534,113.114
中国·家电博物馆,22.9198,113.218
大墩公园,22.9629,113.126
伦长曾公祠,22.9653,113.138
帝亲殿,22.9388,112.973
华佗庙,22.9204,113.091
岭南文化苑中心展厅,22.9461,112.976
天镇峰公园,22.9409,112.976
枫林白塔,22.9392,112.97
江晖园,22.909,113.014
哔嘿吧啦,22.8999,112.89
海滨公园,22.9058,112.902
淘气堡,22.8996,112.89
陆氏宗祠,22.9063,112.86
咪哒,22.8325,113.279
奇乐儿儿童主题公园(吉之岛店),22.8329,113.279
鬼屋,22.9441,112.776
伦教思源堂,22.8516,113.305
三水电信迳口广场,23.5121,112.865
共融广场,23.116,113.191
并蒂莲雕塑广场,23.2025,112.915
考拉大冒险儿童欢乐主题乐园,22.8774,113.083
考拉大冒险儿童欢乐主题乐园,22.8768,113.083
凤祥文化广场,22.7789,113.283
马中文化广场,22.7959,113.253
均安镇文化广场,22.7195,113.152
南头镇文体修身广场,22.7223,113.297
摩天轮(东凤大润发店),22.7012,113.254
游乐设施,23.1462,113.208
潘祠堂北二巷4,23.1401,113.212
沙岗公园,23.215,112.886
金顺灵祠,23.1291,113.188
炳元邹公祠,23.143,113.196
陈氏大宗祠,23.1326,113.186
永思家塾,23.1187,113.137
游乐设施,23.1127,113.126
儿童乐园,23.1221,113.116
义敦,23.126,113.168
梅坡易公祠,23.1401,113.16
周氏宗祠,23.1166,113.112
曹氏大宗祠,23.1187,113.119
广东梵华文化博物院,23.1157,113.13
竹基公园,23.1144,113.124
金城公园,23.1106,113.146
北华二圣宫,23.1748,113.126
守顺吴公祠,23.1338,113.084
六和公园,23.4367,112.844
谭氏宗祠,23.2065,113.17
宗氏祖祠,23.3172,112.95
开心农场,23.2111,113.174
沈氏宗祠,23.201,113.137
罗氏宗祠,23.1881,113.065
南海区基督教官窑堂,23.2343,113.078
儿童乐园,23.2022,112.914
东海关帝庙,22.8381,113.067
基督教黄连堂,22.8919,113.156
喜洋洋游乐城堡,22.8949,112.996
赣州恐龙博物馆,22.8908,112.703
网吧游乐园,22.84,113.015
关圣帝亭,22.8813,112.931
南岸公园,22.7871,113.283
华东公园,22.7669,113.289
地藏王宫,22.7646,113.259
郭氏祖祠,22.821,113.162
咪哒,22.7667,113.277
光华公园,22.7924,113.124
横江公园,23.1186,113.172
月亮湖公园,23.1781,113.112
北斋张公祠,23.1267,113.102
文武帝庙,23.1569,113.109
莲塘玫瑰园,23.1343,112.945
爱婴岛儿童游乐场,23.1783,112.899
友唱,23.1635,112.898
北园休闲公园东园,23.162,112.998
贝贝乐儿童游乐园,23.16,112.913
番塔,23.1678,112.851
东海儿童乐园,23.1128,112.93
滨水绿地公园,23.1631,112.908
儿童乐园,22.8444,113.252
四泽庵,22.8806,113.202
鬼船哥德堡号,22.8833,113.294
西南武庙,23.158,112.897
图南宗祠,23.089,113.134
游乐设施场,23.0555,113.141
铁村冠华公园,23.1053,113.121
游乐设施,23.0499,113.164
北头西桥小公园,22.7309,113.349
均安翠湖公园公共自行车租赁点,22.7135,113.151
民安体育公园,22.7417,113.319
水上运动公园,22.7148,113.291
海之星儿童乐园,22.7239,113.295
七彩童年儿童主题乐园,22.6842,113.227
中山市世华文化博物馆,22.6807,113.24
石岭公园,22.7358,113.354
东海绿岛,22.7369,113.198
祠公何庄成,23.0581,113.132
子乐儿童乐园,22.7186,113.152
叶氏六世祠,23.1028,113.141
南约东基将相忠烈庙,22.7612,113.271
Me LAND儿童成长乐园,23.0497,113.163
杏坛法治文化公园,22.7943,113.162
润崖吴公祠,23.0628,113.099
南庄罗公祠,23.0425,113.052
动物世界,23.053,113.123
孔氏宗祠,23.0598,113.135
美加纷儿童乐园,23.0454,113.126
大雄宝殿,23.0391,113.12
华陀古庙,23.0609,113.13
空中种植园,23.0666,113.155
腾奇游乐园,23.0661,113.108
游乐设施,23.0745,113.059
十四世周公祠,23.1022,113.074
张氏九世祠,23.0593,113.1
英裔招公祠,23.0416,113.073
罗氏宗祠,23.0447,113.056
南山朱公祠,23.0614,113.085
义叟梁公祠,22.9787,113.19
儿童乐园,23.0359,113.215
聚源游乐园,23.0619,112.921
官山涌公园,23.0651,112.92
临溪何公祠,23.0641,113.175
叅政云公祠,22.9978,113.212
南海永福园,23.0828,112.885
慧庆禅寺,23.0756,113.026
雷边二公园,23.1018,113.103
文昌古庙,23.0459,113.104
公园涵洞,23.0631,113.055
庄头公园,22.9938,113.205
区氏宗祠,23.0157,113.122
游乐设施,23.006,113.124
汤姆约客咖啡博物馆,23.0197,113.171
二圣古庙,23.0117,113.114
刚直业公祠,22.9894,113.208
彦参朱公祠,22.9877,113.212
咪哒,23.0323,113.12
二村公园,23.014,113.169
吃豆时光迷宫,23.0331,113.119
育才,23.0305,113.161
尚浦水上嘉年华(电视塔店),23.0169,113.134
夹夹乐,23.018,113.16
玄坛古庙,22.994,113.114
渔隐梁公祠,22.9948,113.126
长廊公园,23.0085,113.115
大雄宝殿,23.0017,113.181
佛山好骑户外俱乐部,23.0358,113.131
余仁生博物馆,23.0352,113.122
褒宠牌坊,23.0351,113.12
东平河石湾湿地公园,22.9869,113.141
觉轩刘公祠,22.9694,113.106
小布公园,22.9794,113.106
咪哒,23.0181,113.159
霍氏大宗祠,23.0141,113.114
滨江湿地公园,22.9758,113.139
滨河景观公园,22.9779,113.127
南金庞公祠,23.0252,113.1
畦乐冯公祠,23.0336,113.08
古灶中心公园,23.0378,113.072
卡奇乐儿童游乐园,22.9977,113.077
周尾围生态公园,22.9883,113.09
缤纷儿童游乐园,22.9756,113.023
富竹公园,23.0282,113.051
下北公园,23.0195,113.099
海心公园,23.0182,113.079
愚乐刘公祠,22.9694,113.103
南庄罗公祠,22.9388,113.261
桃村公园,22.9266,113.265
报功祠,22.9265,113.266
情侣公园,23.0161,113.053
罗氏宗祠,22.9386,113.261
福德祠,22.9663,113.119
芸轩黎公祠,22.9443,113.118
昭德陈公祠,22.9382,113.107
宗圣公裔祠,22.9629,113.138
PRIZE OUTPRIZE OUT,22.9648,113.093
远宁曾公祠,22.9632,113.137
乐贝儿儿童乐园,22.9377,113.221
曾氏大宗祠,22.9331,113.168
冼家公园,22.9391,113.128
韦氏大宗祠,22.9477,113.117
通应殿,22.9352,113.127
黎氏大宗祠,22.9466,113.12
大墩北帝庙同福堂,22.9591,113.126
立忠刘公祠,22.9678,113.103
嵩岳周公祠,22.9472,113.119
馆藏书画陈列厅,22.9133,112.984
广群公园,22.9639,113.068
财神殿,22.9136,112.982
大殿,22.937,112.984
西江干堤公园,22.9239,112.884
古椰贝丘遗址,22.9604,112.856
咪哒,22.8331,113.28
友唱,22.8426,113.26
大成殿,22.8304,113.285
大良罗氏大宗祠,22.8518,113.256
古炮,22.8844,113.295
儿童主题乐园,22.8432,113.263
法治文化园,22.8287,113.286
公仔区,22.8405,113.277
彩虹儿童游乐园,22.847,113.277
古榕树广场,23.1983,113.164
同创广场,23.2009,113.155
南山文化广场,23.5121,112.865
永安广场,23.2198,113.081
对川文化广场,22.8582,112.756
珑门广场,23.1211,113.153
水木乐悠游儿童主题乐园,22.7007,113.254
张氏宗祠,23.2309,113.155
驿观园,23.2352,113.084
谭氏宗祠,23.1911,113.162
桥一公园,23.1981,113.174
贪泉遗址,23.2059,113.213
河滩公园,23.3558,112.917
新大好童趣乐园(新大好购物广场店),23.1184,113.178
儿童游乐园,23.1151,113.196
风雅宗圣公家庙,23.1249,113.116
西诏吴公祠,23.1155,113.141
伯宽黎公祠,23.1348,113.158
普渡堂,23.0198,113.121
乎峰林公祠,23.1324,113.148
游乐设施,23.1464,113.208
大摆钟,23.146,113.208
淘乐馆,23.179,112.896
旋溪吕公祠,23.1607,113.135
何氏大宗祠,23.1969,113.035
贝贝乐儿童游乐园,23.2387,113.026
立体生态园,23.2008,112.914
天南圣裔,23.1178,113.182
红旗公园,23.2049,113.161
林柱黎大夫祠,23.1809,112.88
徐氏宗祠,23.2091,113.097
仕版位阳公园,22.8672,113.209
东宁公园,22.8792,113.212
友唱,23.132,113.017
城建公园,23.1687,112.903
荔庄公园,23.1154,113.143
豪华转马,23.202,112.907
小豆了儿童乐园,23.1194,113.165
南池蒲公祠,23.1772,113.148
邹氏宗祠,23.1394,113.116
白坭榕荫园,23.1127,113.171
杜氏宗祠,23.1692,113.135
泰山庙(民泰路),22.7637,113.273
乐悠游儿童乐园,22.7662,113.278
石阁北社,22.7694,113.302
福源社,22.7608,113.239
高翔公园,22.821,113.165
灵山园,22.7646,112.756
东头村法治文化公园,22.8353,113.077
桐桐儿童乐园,22.8701,113.091
圣堂,22.869,113.072
五圣宫,22.8401,113.234
沙富牛岗公园,22.8657,113.077
岑氏大宗祠,22.9598,113.08
滨江东公园,22.8664,113.226
知止区公祠,22.8943,112.896
翁氏宗祠,22.7854,113.321
新城湖泊公园,22.8388,113.064
美吉斯儿童游乐园,22.8388,113.019
电飘赛车&翔鹰射箭,23.0495,113.146
南里公祠,23.0842,113.17
三光堂,23.064,113.176
长安园,23.084,113.049
爱乐奇儿童乐园,23.1628,112.898
财福祠,23.0609,113.13
游乐设施,23.0492,113.146
凤凰公园,22.6935,113.257
黎氏世祖祠,23.0846,113.14
虚堂何公祠,22.7316,113.349
文远钟公祠,23.1034,113.122
邵边公园,23.1048,113.168
佛山市携创义齿展览厅,23.0561,113.137
杨氏宗祠,22.8104,113.233
桓庚李公祠,23.0658,113.138
隐秀寺大雄宝殿,22.6882,113.246
睿晟游乐园,22.6706,113.238
后花园,23.0436,113.12
北一公园,23.1057,113.124
碧峰叶公祠,23.0743,113.049
叶氏宗祠,23.0703,113.101
陆氏宗祠,23.0508,113.074
朱氏宗祠,23.0651,113.097
周氏宗祠,23.0769,113.074
秩轩蕾公祠,23.0754,113.052
泉庄吕公祠,23.0678,113.081
佛念黄公祠,23.069,113.028
巢用林公祠,23.0564,113.019
梦翔游乐园,23.0617,113.107
大观怡乐园,23.0474,113.111
儿童成长主题乐园,23.0392,113.072
华益游乐园,23.0678,113.104
云山公园,23.0493,112.922
奥莱乐园,23.0391,113.163
大藤水岸公园,23.08,112.972
游乐设施,23.0724,113.166
嬷嬷蜜室内儿童亲子乐园,23.0433,112.921
敬斋叶公祠,23.1027,113.14
西江公园,23.0694,112.841
白氏宗祠,23.0975,113.005
中心湖公园,23.0949,112.846
五显宫,22.9878,113.212
鹤园,23.0393,113.116
梁氏大宗祠,22.9777,113.189
莱居陈公祠,23.0286,113.211
万瑜何公祠,22.9948,113.142
甘氏宗祠,22.9746,113.192
松庄仇公祠,22.9919,113.229
颜氏大宗祠,23.0973,113.159
立环跑车,23.0275,113.116
爱源霍公祠,22.9891,113.124
PP虎,23.0383,113.124
友唱,23.0183,113.123
霍三一公祠,22.9913,113.127
南沙公园士多店,23.0225,113.131
亲子乐园,23.0043,113.139
润斋梁公祠,22.9966,113.105
水魔方水上乐园,23.0351,113.134
冯氏宗祠,23.0326,113.053
福德祠,22.9943,113.087
开心水上游乐,23.0274,113.116
思贤堂,22.9874,113.172
敬樵陈公祠,22.9794,113.074
品刚杨公祠,23.0334,113.089
学仕梁公祠,22.9946,113.106
澜溪梁公祠,22.9945,113.105
塘头公园,22.9954,113.105
洪圣庙,22.9767,113.092
莲塘公园,23.0228,113.057
在水一方动漫水世界,22.9867,113.026
一峰潘公祠,23.0048,113.011
禾花庙,23.0042,113.106
桥东楼,22.9719,113.031
处忠梁公祠,23.0035,113.039
马槽瀑布,23.0114,113.084
福圣亭,22.954,113.188
抓娃娃机,22.9759,113.022
咪哒,22.959,113.247
慕堂苏公祠,22.9499,113.269
星奈吉,22.9387,113.222
金紫名宗大厅,22.9254,113.267
北极殿,22.9373,113.232
梁氏二世祖祠,22.9308,113.234
英灵古庙,22.9473,113.115
东涧梁公祠,22.9325,113.173
刘氏祠堂,22.9667,113.113
容齐刘公祠,22.9684,113.104
伯能周公祠,22.9476,113.119
沙良河公园,22.945,113.107
豪华飞车,23.2024,112.907
儿童乐园,23.0959,113.185
万安善院,22.9194,113.037
云泉仙馆,22.9403,112.973
居士宛,22.8316,113.276
HamimaoHamimao,22.8405,113.276
大雄宝殿,22.9396,112.971
沙龙乐园,22.9169,113.032
娃娃机,22.8403,113.277
中国山水画创作院(广东分院),22.846,113.262
开心岛婴爱生活馆,23.1024,113.199
佛山市南海区官窑街头沙场,23.1413,113.005
自修室,22.8994,112.894
巧手丫儿童主题乐园,23.2054,113.164
鸿得利休闲美食广场,23.1122,113.116
沙田中心美食广场,23.1838,113.212
高基街灯光夜市,23.0449,113.123
亚艺公园士多店,23.0096,113.144
福音堂,23.0377,113.137
东方啤酒广场,23.1335,113.12
禅普堂,23.0103,113.144
砵砵车,23.0425,113.161
上元生态农场,22.9895,113.089
福音堂,22.8772,113.222
砵砵车,22.9527,113.114
玄之学玄,22.6786,113.243
奇乐儿儿童主题公园（鹏瑞利店）,23.0178,113.16
金沙美食广场,23.1415,113.21
玉器广场,23.024,113.217
菩提觉,23.0122,113.085
迷宫遇,23.0664,113.155
五帝藏宝阁,23.1172,113.125
雅居庭水植物,23.0396,113.113
泰崇殿,23.0424,113.128
罗沙灯光夜市,22.9254,113.076
世纪美食广场,23.0176,113.124
塱沙国际灯光夜市,23.0506,113.068
广州恒大淘宝足球俱乐部,23.2078874422,113.180109673
阿迪达斯,23.1502673503,113.1717536592
云勇森林公园,22.7821983992,112.665750394
佛山地震台地震科普展馆DiZhen TaiDiZhen KePu ZhanGuan,23.0084809345,113.1202637307
佛山三水博物馆展览厅SanShui BoWuGuan ZhanLanTing,23.1846013751,112.8784728284
佛山科学馆FoShan KeXueGuan,23.0324841409,113.118847706
顺德艺术展览中心ShunDe YiShu ZhanLan ZhongXin,22.8466084247,113.2617381442
纪元塔博物馆Era Tower Museum,23.1845644088,112.8785725936
世纪莲足球培训中心,22.97242596,113.1267285566
龙塘诗社遗址,23.0347769995,113.1214683738
溢彩国际旅游度假区,22.8902221708,112.7122542934
爱蹦客,23.3781631715,112.9491042038
童萌慧主题乐园,23.2143894527,113.1849849567
新展动漫水上乐园,23.1581647579,112.8727367102
漫d,23.0384321197,113.12416233
联合图书馆石湾镇街道图书馆,22.9978050574,113.1577887169
香云纱动漫水世界,22.8660303842,113.2272778149
陈铁军故居,23.0346745475,113.1236264435
乐活香草书吧,23.1219459453,113.1519892066
陈村玉带体育公园-足球场,22.9654297888,113.216526677
新昌冰雕极地大世界,23.3780548237,112.9491252639
鲁能青训足球人才基地,22.8125146251,113.303503405
黄飞鸿大球场,23.1393117867,113.183286566
体之杰足球场(美的体育广场足球场),22.8238652677,113.294638325
我闻,22.9928947906,112.918387439
奥脱福足球训练基地,22.872360316,113.270767066
如斯书吧,22.9696833926,113.1231192108
一小时书吧,22.8769161354,113.0853107429
白日梦想家 微型展(中海环宇城店),23.0501264023,113.1628839259
ccih剧场,23.0058110282,113.0159264822
金燕水族,23.0401989299,113.1096296824
高歌足球场,23.1561730291,112.879374958
好玩足球场,23.1311506308,113.17967832
标准足球场,22.8238740356,113.292860952
比利夫室内设计公司,23.1167308121,113.1661500704
李广海医馆旧址,23.0236178812,113.1360644593
大沥普菲特足球场(丹邱),23.1406669169,113.079843115
礼门村球场,22.9477035014,112.929621869
叶问纪念馆,23.0696766248,113.099651318
佛山市南海区狮山镇图书馆,23.0951953761,112.9893175319
当代万国府moma,23.0739657198,113.174521994
佛山市南海区联合图书馆,23.0576703838,113.1581276403
活力足球场,23.0364582206,113.180970291
北大步图书馆,23.1419761487,113.164366845
聚雅书屋图书馆,23.0335882474,113.172722312
堤岸足球俱乐部,23.0646313929,113.153542878
中国调味文化馆,23.0352888831,113.1223106118
龙眼剧场,22.8362232482,113.204820214
粤剧艺术大剧院(劲嘉·金棕榈湾西),23.1055561028,113.0669919232
禅城区少年儿童图书馆,23.0290140337,113.133123048
盛美艺术馆,22.7709153911,113.2666875377
龙湾足球公园,22.9995324393,113.176368344
品城书吧,22.7867527656,113.2835966405
力倍达密封技术有限公司,23.0341308161,113.093715999
梵华文化博物馆,23.1157091004,113.1303902092
广佛之心展览馆,23.1078407364,113.0608201474
第一城冠桦钢琴艺术中心,23.1299354039,113.1906807402
刘远长陶瓷艺术馆,23.0401698814,113.1655827453
石泉社区阅览室,23.190841366,113.126086448
佛山市南海区联合图书馆自助图书馆,23.0364785334,113.1751728278
大沥镇图书馆(太平分馆),23.1096084147,113.1059263124
禅城区联合图书馆大富村图书馆,23.0301508237,113.055430413
佛高区(狮山)狮城自助图书馆,23.1318136375,113.0141390115
防震减灾科普馆,23.1541899129,113.1899954968
雨轩画廊,23.0413228354,113.1232720929
依黛丽内衣博物馆,23.0892911578,113.1595805959
顺德足球协会,22.8444157587,113.255158802
土庙球场,22.7076144196,113.162052915
天雄艺术馆,23.0455647349,113.1735195768
鳄鱼恤,22.9526817742,113.1134469632
老渔夫船木艺术馆,22.9492411531,113.0958747325
健康水世界,22.8361737753,113.2709374752
笆·笆·莎时尚内衣艺术馆,22.9334693023,113.2114809042
自由人,22.7129534682,113.160199725
顺德区伦教图书馆,22.8686234637,113.2166230909
青苗足球培训,22.872360807,113.270770678
佛山市联合图书馆,22.9005292759,112.902571964
龙江图书馆,22.8742589846,113.0834955558
桂城图书馆,23.0313060892,113.1825742737
品逸画廊,23.0119215111,113.0842033996
蓝贝壳游乐园,23.0737564621,113.0764351563
索尼,23.1783295472,112.8989996907
木中有韵根雕,22.8603158053,113.2660040966
天朔艺术馆,23.0083137519,113.0858031581
鸿美游乐园,23.0685213271,113.0305175761
坤宇温室,22.9805251822,113.1690451423
通艺画廊,23.1231480988,113.1888520713
北林画廊,22.8805909599,113.2147217503
奇美字画廊,22.7603682542,113.3433465391
宗翡翠艺术工作室,23.025510365,113.2179951888
景泰蓝阁画廊,22.9772740147,113.0200531401
空中飞人,22.8844228117,113.2957634745
诗柳语言艺术中心,22.8242928333,113.2663425679
禅城区联合图书馆南庄图书馆,22.989654125,113.014044746
eitie爱特爱,22.8405625089,113.2761109293
天佑艺术馆,23.0410073299,113.1649257098
蓝晶灵马赛克,23.0140496155,113.0810393582
贝思艺术中心,23.0934387151,112.9932168389
艺风画廊,22.9479614506,112.9897563553
凯仕乐医疗保健器械养生博物馆,23.0244693993,113.1231051912
大汉画廊,22.8404380566,113.009924515
聚雅阁画廊,22.9581184443,113.0999787089
群峰艺术馆,23.0115161937,113.0847645743
大良盆景园,22.9842962755,113.171255705
鸿翰画廊,22.8358799361,113.2595817318
和谐欢乐谷,22.9229830957,113.0890558173
古吴轩苏绣艺术馆,22.8484408129,113.2801864109
润德轩画廊,22.8785736477,113.0704374413
艺韵斋画廊,22.8999855235,112.8878673684
名逸画廊,22.8628792534,112.7121071613
雅缘堂文化艺术馆,23.0080930851,113.0864924146
聚宝坊画廊,23.066126113,113.0616575839
鸿奇美术馆,22.9005236704,112.8761228215
雅轩画廊,22.932647056,113.0982848154
小湾村球场,22.8143617645,113.267860327
汇艺画廊,23.0097335405,113.0855535031
东方红画廊(颜峰大道),23.1312785284,113.088345993
振昶轩画廊,22.7597871222,113.2623224047
陈蓝马术俱乐部,23.0660614177,112.9532667538
百色丽涂装技术有限公司,22.7349773721,113.276328124
侨乡博物馆,22.8398763887,113.0241524882
柏宁山庄酒店,23.1749821939,112.88193426
三谭革命事迹展览馆,22.8596862786,112.711167602
桂城自助图书馆(怡丰城店),23.0392477525,113.1942220087
桂城街道平洲店,23.0418007138,113.1999822892
碧桂园水上乐园,22.7978894904,113.3461746044
足球场,23.1117658971,113.082876723
悠贝亲子图书馆,23.0171623861,113.128777631
足球场,23.1340343467,113.088701714
乐之艺术馆,23.0519712041,113.1189813166
足智体育·伦教鸡洲足球主题公园(伦教鸡洲足球场),22.8724133195,113.270539614
铜洲酸料,23.1195988849,113.198154195
翁佑图书馆,22.8143938273,113.330434015
霖吧,22.8944705651,112.99399794
山泉泳池,23.5662353462,112.8549887568
酸味坊,22.7646567356,113.343991221
塔坡社区图书阅览室,23.0322736771,113.1300441287
笔架山影剧院,22.9633653299,113.0474945211
乐平影剧院,23.266770826,113.0282319486
丽声影剧院,22.9427658788,112.9730254707
佛山市联合图书馆,22.8890858002,112.8601003312
佛山陶瓷行业图书馆(筹),23.0076917912,113.050764148
佛山艺术剧院有限公司(东门),23.03093032,113.1352037613
佛山市禅城区中小学达标图书馆,23.0264770614,113.1118009246
文华书画学社(罗村分社),23.0775671183,113.0595058525
十拓梦幻剧场,23.1127690928,112.9306759069
创想艺术空间少儿美术工作室,23.0575995614,113.1504796762
顺隆游艺城,23.0421992442,113.136722301
创意博艺馆,23.1124932028,113.1881925084
润方画廊,23.0342967121,113.1577543912
劲爆时空游艺城,23.0369435965,113.1185372233
爱娃糖果乐园,23.0454264345,113.1256269709
博兰尼卡艺术馆,23.0137767717,113.0913207796
康乐中心,22.8763354545,113.2226167652
花博会争艳馆,22.9351630625,113.098418941
奥奥体育轮滑俱乐部,22.9475623239,113.271349253
名扬画馆,23.0292764548,113.1183494192
LIFE莱斐运动工作室,23.0040274269,113.146509544
回归鸟画廊,23.0766978513,113.1060057481
艺彩画廊,23.017136912,113.1460072967
北江生态园,23.3945852558,112.8967440372
黄志伟陶塑艺术馆,23.010033414,113.0841893204
泉林旅游山庄,23.0374491958,113.1307351937
缇香艺术馆,23.0066941934,113.0446591351
佬字匠产品艺术馆,23.0013295727,113.0979558087
开心乐园,22.8175500407,113.2429361034
一德张槎书画苑,23.0414341558,113.0896443597
咏春武术培训中心,22.7463376826,113.272050177
十三姨陶瓷艺术馆,23.009693549,113.102490811
奥普乐欢乐水世界,22.764342281,113.3083177939
奥翎体育运动中心,23.2089303166,113.1642063572
奔奔儿童乐园,23.1127436559,113.1253902257
悦画廊,22.8994626319,112.8945975128
金艺美家艺术馆,23.0069130623,113.0453338466
致尚美术馆,22.8451365247,113.2594987409
柏林艺术馆,23.0101014633,113.08461771
卡乐奇儿童乐园,23.0354916864,113.1292355674
潘汾淋艺术馆,23.0100225929,113.0839946783
汉唐艺术馆,23.0301316972,113.1329114691
游乐猴,22.9168378079,113.041457237
立达书画苑,23.1216340879,113.1312046231
fs舞蹈培训中心,23.0159294333,113.129206149
政协书画展览中心,23.0548918869,113.1330174683
变形金刚展览馆,23.177954453,112.8991667679
全国3D魔幻巡回艺术展(佛山站),23.0346126529,113.1316643974
钟氏艺术馆,23.0116488057,113.0845290133
担担沙,22.8387052059,113.019409054
体育馆羽毛球馆,23.0292694745,113.1183514103
百川画廊,23.0390775275,113.1143987079
海豚碰运气观赏湾,22.8123799225,113.038293843
白坭玉景公园,23.0433583158,113.0834369009
广美书画苑,22.8974205587,112.8798591
南方汽车展,23.0198948141,113.133423863
汇利德艺术馆,22.8344094951,113.2807090973
强丰画廊,23.0373462672,113.1386276471
鳄鱼湾,22.9454164219,112.9698318445
吴家大院博物馆,22.838706083,113.0194020791
镇岗,22.8387052059,113.019409054
魏华艺术馆,23.0103386001,113.0838099687
猪猪侠3d童话世界主题公园,22.8361516627,113.286979141
top摄影艺术馆,22.9013848208,112.891048544
海贼王3d立体画艺术主题体验馆(佛山分店),23.0184377093,113.1051194532
每一间艺术馆,23.012169573,113.0842951341
锦华农业生态园,22.8731385529,113.1364928408
3D魔幻主题馆,23.0413040503,113.124979729
风水画廊,23.1151510455,113.1274585045
爱尚舞健体塑身馆,22.7687696701,113.294018948
致雅画廊,22.8670287012,113.1316192493
佛山市规划勘测院(容桂办事处),22.7621443296,113.2651414408
大沥都市剧场,23.1221942898,113.1937504747
湛子讲学岩,22.9355946028,112.985477414
苏尔曼电子商务有限公司,22.8453336049,113.2580936564
象岗,22.8387052059,113.019409054
顺德容城艺术馆,22.7728380051,113.2773100368
玉岩珠瀑,22.9355946028,112.9854774138
佛山博物馆,23.0440950436,113.1154002015
南海科学馆,23.0364322965,113.1468444722
红星球场,22.9508579465,112.844436563
陶醉艺术博物馆,22.7151782241,113.1510225539
佛山警察历史博物馆,23.0283421791,113.1281038855
岭南艺术馆,23.0451868426,113.1734142889
亦心绘画工作室,22.9483047542,113.2675512549
经堂古寺,23.0313377529,113.1352249834
大沥足球场,23.1180171785,113.110415118
中仪画廊,22.7908860777,113.1616495871
叶家庄,23.0418080048,113.130736432
腾欢乐园,22.7052189532,113.1719210608
艳丽摄影艺术中心,23.0442691685,112.9184547423
三谭纪念馆,22.8981695742,112.8932919855
盛世传承艺术馆,22.8531519459,113.2748960771
华萃文化艺术馆,22.9196032624,113.0188330882
四会山湖水上乐园,23.0380676216,113.130474779
小Q反斗城,23.0384664791,113.1937726525
大家美术馆,22.9864070134,113.1687314868
D.Y艺术馆,22.837148129,113.2695014087
舞悦阳光舞蹈瑜伽培训中心,23.0348684193,113.131654763
王士成精微艺术馆,23.0299206068,113.1143002533
洪发艺术玻璃,22.857806113,113.2529289154
盛礼国瓷艺术馆,23.0091130746,113.0857145793
佛山市规划城建档案馆,23.0060540103,113.1201561991
艺源堂文化艺术馆,22.8380115025,113.2795055188
香云纱交文化展,22.8846097465,113.0904493628
保润汽车会展中心,23.0767701917,113.1413482105
天雅画廊,22.8294404788,113.260860314
民俗博物馆,22.899044751,113.1539231245
文联艺术馆,23.0410914901,113.1232495356
维纳斯艺术馆,23.009148295,113.086534324
同发画廊,23.0274060419,113.1175523349
亲亲乐园文具店,23.0445896131,112.9215442019
佛山市城市建设档案馆(放心肉连锁店),23.0065080179,113.116422701
群英阁展馆,23.0510097935,113.12159019
和生缘奇石艺术馆,22.9882964136,113.1676295419
合富创展,23.1138465565,113.1306340799
紫万轩画廊,22.9669526612,113.0929589603
启和文化纪念馆,22.8360539932,113.0237981891
陶都工艺美术馆,23.0098065288,113.0864546821
荷城街道图书馆,22.8890482011,112.859866061
文瀚艺术馆,22.7690874531,113.2753000639
天添画廊,22.8559077505,113.2485964524
锦绣画廊,23.0073798572,113.1207966704
云水轩画廊,23.0637338916,112.9685664996
广雅画廊,22.9663634637,113.0892580125
非物质文化遗产保护展览厅,23.0292288034,113.1127192517
聚艺画廊,23.0121922407,113.1235786072
艺源画廊,23.1134881932,113.196705136
佰胜画廊,23.0245465042,113.1348998113
文化馆侧门,22.8465660971,113.2617770327
1506美术馆,23.0104777009,113.0842313284
南庄艺术展览馆,22.9893265661,113.0139558225
唐之韵文化馆,23.0066222709,113.0494857687
中国民居画派佛山工作室,23.0294372677,113.1529083888
江夏狮艺武术馆,22.929823088,112.9550145318
锦源林画廊,23.0074647806,113.122367046
黄有恒堂君璧纪念馆,22.9300308399,112.9533400792
足球场(北李村店),23.0944985667,112.958497638
南海文化馆,23.0284627727,113.1529197802
天风阁画廊,23.1199136776,113.1927184571
周之贞纪念馆,22.9351826561,113.2171599413
荣晟阁画廊,23.0538921928,113.1387895594
大剧院南1门,22.8071233464,113.3030632392
华夏艺术馆,22.986877881,113.168747009
三山荷花湿地公园,23.0387440948,113.1950475042
华彩画廊,23.0074102717,113.1210223365
合水影剧院,22.8083800269,112.5149476696
九江图书馆,22.8362541303,113.023836914
白石文化艺术馆,22.9850888827,113.1677935201
新华儿童艺术剧院,23.0309470027,113.1123267525
中华石珍奇石艺术馆,22.843768126,113.2624669802
黎明晖艺术馆,23.09268054,113.1816342375
惠风美术馆,23.0083435094,113.0860750071
名馨画廊,23.0433643311,113.1211274866
芦苞影剧院,23.3574346614,112.9056566376
机关球场,23.0285851925,113.126389556
动漫水世界,23.0288504657,113.1333061942
当代美术馆,23.0104777009,113.0842313284
联合图书馆,23.0295837438,113.139797155
桂城图书馆,23.0284600237,113.176401392
大金影剧院,23.0620452416,112.9508588294
德胜奇石艺术馆,22.9867162054,113.168297047
笔生花馆,22.84180154,113.2615488388
溢翠轩玉器艺术馆,22.986228317,113.1680314145
苏州五昌堂刺绣文化艺术馆,22.9878083301,113.1677797202
游乐场,22.8498396034,113.2602712862
广教球场,22.9178589395,113.225950916
柏森堂艺术馆,22.9863820152,113.1674241084
夏南二足球场,23.0618499687,113.186979335
奇乐儿儿童主题公园(顺德新一城店),22.8408747983,113.2777315704
仿真互动电影馆,23.1423575203,113.1017688427
乐缤纷欢乐水上世界,23.1456704415,112.924461646
孝德文化展览馆,23.0643366658,113.0540831407
机床厂足球馆,23.052383615,113.145616431
金叶水乡生态园,23.2359476112,113.1785403417
黄君壁纪念馆,22.9303885521,112.9528242751
飞星游乐场,22.8866885581,113.2760640324
钱币博物馆,22.8981256262,112.9071170888
东方印象艺术馆,23.0363500996,113.1058028587
侏罗纪游乐场,22.8679989923,113.1361282765
薰衣草,22.8501280637,113.2596164002
清晖画廊,22.8467139261,113.2586818438
宋陈尚书公纪念馆,23.044921462,113.095644324
梁銶琚图书馆,22.8461534371,113.258933247
南国桃园东区,23.1785646046,113.1193706645
公盈投资控股有限公司企业档案管理中心,23.0356028781,113.108157998
容桂水乡画汇展中心,22.7811531489,113.2751163329
现行文件阅览室,23.0350600205,113.152352031
同庆石湾公仔博物馆,22.9275209787,113.2123023097
游乐天地,23.0159640408,113.123852911
佛山市南海区城市建设档案馆,23.0323395535,113.152856607
东山(韩国)兰花,22.9870683202,113.166304311
艺之堂画廊,22.8566613135,113.2501436129
佛山国际会议展览中心,22.9663785662,113.0244419889
威德力木工机械展厅,22.8847703933,113.2223004446
农校球场,23.0210061995,113.195574804
罗村镇上柏村益智图书室,23.0773646618,113.0251582075
禅城区档案馆,23.023595753,113.1417310898
红土方画廊,22.8990876385,112.8797745247
一番磁业生活艺术馆,22.9651508251,113.0249449501
精艺画廊,23.0073714199,113.1216876515
顺德大良半月城游乐场,22.8444213655,113.2582445366
档案管理中心有限公司,23.0356179061,113.108175006
潘源艺术馆,22.771277452,113.2768771208
佛山市高明区档案馆,22.9075597208,112.8840338067
佛山市南海区图片档案展览室,23.0350580919,113.1523580148
荣誉实物档案陈列室,23.0350580082,113.1523510318
有美堂美术馆,23.0557966881,113.1524180992
佛山市石景宜刘紫英伉俪文化艺术馆,23.0155183877,113.1198074195
紫云画廊,22.8401949897,113.0095207322
高明图书馆网络信息阅览室,22.8993912308,112.8936688283
澳琪艺术馆,23.0012874203,113.0499853872
南庄镇图书馆,22.9895776949,113.0139315681
李文田纪念馆,22.7304359255,113.1383706546
顺德图书馆流动服务点,22.770574397,113.2783809349
黄连街道办事处周潮宗图书馆,22.8925410419,113.156084927
罗村街道图书馆,23.0761989467,113.057918468
务庄图书室,23.0497572087,113.023959304
丹灶镇金沙图书馆,23.0690056405,112.9671237238
佛山市南海区规划成果展览馆,23.0425669319,113.1445679164
花博园,22.9293699038,113.1814405339
桂园阅览室,23.0363448591,113.132064506
豪达名车城中心展厅,22.9255027349,113.0976772545
永丰五人足球场,22.8603761145,113.282052254
伦教展览馆,22.8857518039,113.2229874257
唐宁空间艺术馆,22.8516615056,113.2765081452
佛山市文化馆,23.0290691649,113.1125367325
福厚博物馆,22.9570377469,112.9936187858
甘碧乐园家配水店,22.9586262462,113.161766664
运通吹瓶机陈列室,22.7731520499,113.2922845602
三石艺展,22.7744809151,113.2710840662
勒流图书馆,22.8657432677,113.1282369654
张槎图书馆,23.0348405847,113.074973712
古玩街展览中心,22.8536334536,113.2523376809
佛山市美术家协会展览部,23.0429138608,113.1222790338
佛山市三水区城市规划展览厅,23.1693512463,112.9051457863
四合画廊,22.9322099484,113.2160431433
奇乐游乐场,22.8688934774,113.1350422526
杜凤书纪念馆,23.1769706472,113.1505686503
草上飞足球馆,23.0140443722,113.107730364
业正简纪念馆,23.1352967353,113.0849611255
志东图书馆,22.8982434494,113.045169965
陈景舒书法艺术馆,23.0355088137,113.094708249
虎眠村委会档案室,23.3441341362,112.9803629348
佛山市艺术展览中心,23.029070187,113.112540729
中国人民解放军粤中纵队纪念馆,22.8093667183,112.513417813
大凤山儿童游乐场,22.7769642541,113.2882964225
友好艺术馆,22.7676251681,113.2662438134
卓纬纤色展厅,22.8826406292,113.0815920113
天任美术馆,22.8462462221,113.2591645747
顺联国际机械博览中心,22.98425612,113.2396269269
吴信坤艺术馆,23.1562421222,113.0392035966
富湾图书馆,23.0009846292,112.835270796
西岸生态果园,22.8859584832,112.8877453843
陶瓷博物馆,23.0106167587,113.0852215262
佛山群众艺术馆,23.0290374943,113.1120292564
边玉宽魔幻生态游乐城,22.9334411621,112.791498477
拾贰季生态岛,23.151432,112.909554
樵园公园,22.941854,112.970459
佛山盐步老龙,23.096258,113.175447
见龙桥,22.8053512573,113.0887261212
亚洲艺术公园,23.010014,113.140189
顺德鱼果生态园,22.8789348602,113.2907614987
南方医科大学顺德校区Shunde, Southern Medical University campus,22.792416,113.234257
佛山图书馆,22.9692935944,113.1232457678
萝卜库机器人体验中心,22.9762039185,113.1337398413
王借岗古火山遗址,23.0307655334,113.0383702858
翠岩景区,22.9363880157,112.9880790161
佛山乐园,23.026423,113.116076
西坑水库,22.7141990662,112.7345640675
石燕岩景区,22.9263114929,112.9924561678
字祖庙,22.938331604,112.9723915291
冰玉堂,22.708732605,113.1542108603
汉藏佛文化殿堂,23.1919937134,112.880985464
刘传纪念馆,23.0029296875,113.0909937334
西南公园,23.1755256653,112.8975455706
松塘村,22.9930706024,112.9192848089
万辉珠宝城Wan hui Jewelry City,22.8803958893,113.2442455802
对川茶景园,22.854914,112.766645
左岸公园,23.1657123566,112.9143776394
红棉公园,22.8372154236,113.020835112
吴勤烈士陵园,23.0260295868,113.1298028516
鸿胜纪念馆,23.0315437317,113.1281539395
北涌亭,23.2013225555,113.1732721101
雷岗公园,23.048772,113.154207
新世纪农业园,22.820476532,113.0800775471
凤岭公园,22.8461818695,113.2575455614
中华吉祥龙文化园,23.122095108,113.1777028553
佛山民间艺术社,23.0309810638,113.1348502523
凌云山,22.9632701874,112.7660707189
石湾美术陶瓷厂,23.002814,113.091114
康有为故居,23.0346660614,112.9061864685
佛山中山公园fu shan zhong shan park,23.050985,113.122319
国艺奇幻水城,22.911367,112.985757
灵应祠,23.0348758698,113.120558138
南海博物馆,22.913064527,112.9840581235
无叶井,22.934116,112.987418
宝峰寺,22.936798,112.98331
顺德龙江,22.873812,113.074397
叶问堂,23.035096,113.119774
灵龟塔,22.8978042603,112.9071509549
派逗蛙亲水乐园（岭南明珠店）,23.021936,113.134637
西樵山地质博物馆,22.933484,112.976002
古朗,22.821221,113.116495
天湖公园,22.9349040985,112.9753513502
九江双蒸博物馆,22.8190062091,113.0334808927
宝苞农场,23.296585083,112.9340927104
超级密室顺德店,22.802092,113.295924
蟹眼泉,22.937021,112.986621
文塔公园,22.7651004791,113.2797235532
文会里嫁娶屋,23.0359465671,113.1229554426
庆真楼,23.035401,113.120411
通济桥,23.0234375,113.1232336014
