广州塔Canton Tower,23.112192,113.331166
长隆欢乐世界,23.004785,113.336814
长隆野生动物世界,23.007944,113.321711
石室圣心大教堂,23.120782,113.266557
沙面,23.112627,113.251119
广州塔摩天轮,23.112217,113.331089
白云山,23.186089,113.304077
上下九步行街,23.120781,113.25477
白水寨风景名胜区,23.586498,113.770345
长隆国际马戏大剧院,23.009036,113.337965
黄埔军校旧址纪念馆,23.092733,113.430642
岭南印象园,23.043105,113.412924
珠江夜游天字码头,23.120996,113.277576
欧洲小镇,22.9393305114,113.3826606693
正佳极地海洋世界,23.138401,113.334171
石门国家森林公园,23.651318,113.778347
陈家祠,23.132609,113.251995
红专厂,23.118528,113.375789
中山大学,23.103412,113.304939
广东省博物馆,23.120537,113.33296
长隆旅游度假区,23.007148,113.331639
沙湾古镇,22.909313,113.340353
长隆飞鸟乐园,23.031063,113.283182
越秀公园,23.14608,113.272266
长隆水上乐园,23.007665,113.330724
莲花山旅游区,22.993236,113.509893
广州动物园,23.146478,113.311833
百万葵园,22.634408,113.626454
中山纪念堂,23.139129,113.271126
流溪河国家森林公园,23.756617,113.789932
小洲村,23.064207,113.361315
北京路步行街,23.126109,113.275721
珠江夜游广州塔码头,23.112985,113.325266
TIT创意园,23.104788,113.33188
西汉南越王博物馆,23.144121,113.267457
千泷沟大瀑布,23.71356,113.864871
太古仓,23.093874,113.259441
MAG环球魔幻世界Mag Magic World,23.13211,113.331214
海心沙,23.11755,113.328966
广州海洋馆,23.149948,113.311358
宝墨园,22.901178,113.300782
云台花园,23.163356,113.296283
珠江夜游中大码头,23.1097869873,113.3059803144
中国科学院华南植物园,23.189045,113.373533
侏罗纪森林,23.011544,113.321283
大夫山森林公园,22.955796,113.315334
阿婆六村,23.69665,113.887517
余荫山房,23.017654,113.402024
花城广场,23.12646,113.331148
麓湖公园,23.15735,113.288048
光孝寺,23.135021,113.26319
珠江Pearl River,23.070982,113.271873
荔枝湾涌,23.125161,113.241536
星期8小镇,23.185805,113.270279
从化温泉,23.6577772815,113.6716855759
海鸥岛,22.961346,113.528081
蜘蛛侠栈道,23.112223,113.331084
石头记矿物园,23.406978,113.167616
广东科学中心,23.045277,113.368971
广州有轨电车艺术体验,23.103967,113.391201
黄埔古港遗址,23.093445,113.397822
越美冰雪大世界,22.942796,113.328817
香江健康山谷(原锦绣香江温泉城),23.572855,113.783784
龙津西西关大屋区,23.124627,113.242112
488摄影观景平台,23.112117,113.33116
荔湾涌西关大屋,23.126372,113.242933
巴贝高儿童世界,23.007165,113.313279
曼古园,23.407765,113.164915
溪头村,23.719723,113.874226
花都香草世界,23.467507,113.267391
广州博物馆,23.143974,113.272175
海珠湿地公园,23.078629,113.343241
南沙天后宫,22.764005,113.625691
北京路千年古道遗址,23.131252,113.275227
科普游览厅,23.112223,113.331084
火炉山,23.18634,113.3983
大丰门景区,23.5898551941,113.8225424082
亿城泉说酒店,23.6384664534,113.6425946838
宝华路,23.12633,113.24868
珠江新城广场,23.1309947968,113.3336988997
南越国宫署遗址,23.1327075958,113.276477553
帽峰山,23.304023,113.467423
荔湾湖公园,23.126903,113.239395
白云山极限滑索,23.1894416163,113.301586488
沿江路酒吧街,23.039934,113.316997
广州图书馆,23.122011,113.33267
珠江摄影观景平台,23.111712,113.330429
长洲岛,23.082281,113.442727
南沙湿地,22.617149,113.654605
广州名人蜡像馆,23.112335,113.331011
广东财经大学,23.094797,113.361102
广州稚友趣儿童主题乐园,23.1346,113.254
广东美术馆,23.114033,113.31371
梯面镇,23.551115036,113.3003781669
虎神古庙,23.6316604614,113.7699878517
人和香港街,23.3405804508,113.3023184894
黄埔村,23.0987796783,113.4040798056
石围塘火车站,23.111052,113.233784
二沙岛,23.115737,113.309446
神父楼,23.120803,113.267053
流花湖公园,23.142615,113.257445
珠江夜游芳村码头,23.107091,113.247138
天河公园,23.133931,113.374491
大稳村,22.894376,113.44158
海珠湖公园,23.078539,113.330994
圆玄道观,23.405862,113.186642
华南师范大学South China Normal University,23.060076,113.38573
平安大戏院,23.1192073822,113.2513332519
儿童动物园,23.003557,113.322337
孙中山大元帅府纪念馆,23.116337,113.285651
广州大剧院,23.12083,113.329145
永庆坊,23.120411426,113.2442550965
海心沙广场,23.118727,113.331072
香雪公园,23.189819,113.533933
桃花涧,23.197683,113.313584
南沙水鸟世界生态公园,22.619486,113.643696
芙蓉旅游度假区,23.503042,113.244004
稻草农业公园,23.6140764933,113.50853562
荔枝皇,23.5019168854,113.5284451578
蔬菜公园,23.249527,113.292664
大金峰百花果风景区,23.5404186249,113.6156347061
暨南大学,23.133565,113.35423
番禺博物馆,22.9614372253,113.3554964098
珠江新城,23.125742,113.333548
大河马水上世界,23.2187137604,113.3309916956
九龙泉,23.1797180176,113.3071601739
水上世界,23.1971414492,113.2854518347
五仙观,23.126898,113.266254
星海音乐厅,23.1134128571,113.3120032378
南海神庙,23.086733,113.504069
大埔围花海,23.2236267507,113.8972739718
蒙花布村,23.4446907043,113.9021678302
五羊石雕,23.144145,113.269391
青龙山,23.004719,113.327291
天堂顶风景区,23.632764,113.769484
洪秀全故居,23.4234580994,113.1796421703
珠江夜游海心沙西区码头,23.117798,113.329283
六榕寺,23.13412,113.266872
花都湖Huadu Lake,23.3879376839,113.2347181314
人文主题蜡像馆,23.7062549591,113.7359736708
国民党“一大”旧址,23.130241394,113.2840767234
广州二龙山薰衣草森林世界,23.361559,113.744701
华南植物园赏花,23.186213,113.37085
梦幻D世界,23.0165233612,113.4456374583
歌莉娅,23.126832962,113.2756085762
1850创意园,23.1008872986,113.2483418598
广州大学城,23.064089,113.401708
天湖旅游风景区,23.651773,113.64368
黄龙湖森林公园,23.722295,113.735887
猎德大桥,23.1151981354,113.3404688264
美食街,23.113749831,113.459841044
龙津西路,23.130094,113.248509
白鹅潭风情酒吧街,23.1071529388,113.2464236395
珠江公园,23.125684,113.34577
中山大学南校区图书馆,23.1036909634,113.3061739787
兰圃,23.149921,113.26691
广州解放纪念像,23.1214981079,113.2719645598
吉山橄榄公园,23.1390724182,113.4374923212
海蚀洞,23.113199234,113.6078946291
新河浦,23.1243476868,113.3025402108
沙面大街,23.11308,113.251479
圣心楼,23.120588,113.266578
红山村,23.585127,113.286422
广州地铁博物馆,23.103911142,113.391143985
宝趣玫瑰世界,23.627666,113.589991
考拉园,23.0003,113.335765
增城文化公园景区,23.29373,113.823506
湖心岛,23.454089,113.918331
宣星村,23.6073303223,113.6510328079
紫坭堂,22.9019246062,113.299494022
水墨园,23.078535,113.388396
白云湖,23.235764,113.240479
珠江夜游广州塔财富码头,23.1129673372,113.3332780126
辛亥革命纪念馆,23.078119,113.4267
西关古玩城,23.1263656616,113.2424460675
coco六毛之家,23.010711,113.321858
主教府,23.121312,113.265993
广州世界大观,23.155475,113.425752
天鹿湖森林公园,23.228718,113.426335
瘦狗岭,23.1577928613,113.361377597
赤岗塔,23.1074333191,113.3293794706
城隍庙,23.133036,113.27703
荔湾博物馆,23.1253414154,113.242072258
大丰门漂流,23.590087,113.82245
大观园,23.136015652,113.421024307
石门风景区,23.644151,113.79417
南湖游乐园,23.226492,113.341333
人民公园,23.133621,113.270809
华南农业大学,23.163965,113.361423
小楼人家景区,23.416815,113.810299
影村,23.6844215393,113.7783092702
空中缆车,23.012086,113.321462
花都志惠农场,23.384028316,113.041522141
东站广场水景瀑布,23.15125,113.331202
何少霞故居,22.9099159241,113.3421148529
报德祠,23.4201335907,113.8070050411
王子山森林公园,23.576928,113.229331
熊猫馆,23.005716,113.322233
派潭镇,23.4960632324,113.7906653608
响水峡生态风景区,23.7912902832,113.9329419685
瀛洲生态公园,23.056995,113.365611
反弹蹦床公园,23.1367549896,113.4213205346
从化锦园温泉酒店,23.6493375035,113.661473058
金坑森林公园,23.2639331818,113.526765175
白云山风景区游览观光车,23.166490391,113.3029852357
广州水果世界,23.1394720615,113.2892032029
广州高铁南站-东广场,22.9963,113.279
金蛇秘境Snake Travel,23.010463,113.321051
挂绿广场,23.296788,113.83971
黄花岗七十二烈士陵园,23.145676,113.301795
中山大学东校区,23.07263,113.397157
冯如墓,23.1462783813,113.3013497473
广州艺术博物院,23.149156,113.287038
陈廉伯故居,23.1257209778,113.2423926984
雕塑公园,23.155608,113.276979
番禺森美反斗乐园,23.006350462,113.3565943656
三元里人民抗英烈士纪念馆,23.1671257019,113.2662575625
清真先贤墓,23.1485519409,113.2658813582
东山湖公园,23.120894,113.300166
龙洞商业步行街,23.2002987249,113.3735601648
华阳湖生态湿地公园,23.0708,113.58
广州长隆水上乐园浮圈出租A点,23.0072,113.33
桂峰山,23.8005771637,114.040177545
鹤之洲湿地公园,23.258901,113.83936
孙总理纪念碑,23.0924009255,113.4305416583
龙津东路,23.127178,113.25977
爱群大厦,23.115655899,113.2634822787
晓港公园,23.102897,113.287322
紫泥堂,22.895671,113.29307
耕山小寨欢乐农场,23.702359,113.652868
黄大仙祠,23.101267,113.233733
花都人民公园,23.4116516113,113.22659826
南沙滨海泳场,22.763753891,113.6270597227
南沙十九涌,22.609365,113.655805
珠海何公祠,22.9103,113.342
荔湾区石围塘街新基文化广场,23.111,113.22
广州花卉博览园,23.0746116638,113.2083245452
广州市儿童公园,23.1905357926,113.278930178
广州白云国际会议中心,23.1947727203,113.2861844683
海洋水族馆,23.3878,113.415
南方大厦,23.1139984131,113.2595051495
农民运动讲习所旧址,23.1340026855,113.2827948534
鲁迅纪念馆,23.1300792694,113.2840767768
天适樱花悠乐园,23.633296,113.598932
广东电视塔文化游乐中心,23.1473423937,113.2755606922
广州南粤苑,22.904195,113.296282
客家围垄屋,23.3931121826,113.6727491375
广州制造,23.0422642274,113.3876447975
大学城店(大学城店),23.067400453,113.39861107
五指山,23.7416665079,113.8104094586
石灶天池,23.6385574341,113.7732656913
三百洞度假区,23.4729270935,113.5834224933
眉山寺,22.9560947418,113.377640549
田园风光区,23.6594810486,113.78462881
增城公园,23.2923316956,113.8277654309
千年仙藤园,23.3904285431,113.8380554696
田心生态乐园,23.6233768463,113.5691724291
国民政府旧址,23.13562824,113.2726582937
广州国际生物岛,23.07314,113.384273
香蜜山果庄,23.770876,113.921905
信义会馆,23.1027622223,113.2486665717
广州滨江路,23.046192,113.313861
黄沙码头,23.112213,113.246868
粤海关旧址,23.1131801605,113.2573716193
从化大金峰百花果景区,23.470718,113.59944
文峰塔,23.5355739594,113.5850520883
越王井,23.1403484344,113.2694273185
海星游乐园,23.5512,113.602
风云岭森林公园,23.547559,113.570762
十九路军淞沪抗日阵亡将士陵园,23.1513576508,113.3163097663
中大北门广场,23.1091880798,113.3062716681
黄花岗剧院,23.1444358826,113.303917598
珠江夜游西堤码头,23.1131057739,113.257969527
珠海梦幻水城(中山路店),23.1385,113.375
畲族风情村,23.347146,113.994429
海珠广场,23.120419,113.271904
浔峰岗生态公园,23.173828988,113.2098385558
广州话剧艺术中心13号剧院,23.1543502808,113.3161282052
广州市国际会展中心,23.1059341431,113.3689434025
三元宫,23.140699,113.269547
百万花海,23.1179,113.331
河岛公园驿站,23.5538636383,113.5999634703
广裕祠,23.4366283417,113.5528323349
金星农庄,23.0739612579,113.4305168249
东风公园,23.1487445831,113.3196550765
海洋王国儿童乐园,22.8014,113.407
从化富力泉天下豪华温泉别墅(5房2厅),23.6425141124,113.6648357205
柱·美术馆Zhu Art Museum,23.1237968583,113.374838169
花果山公园,23.3979454041,113.2267073872
大江埔古村,23.549408,113.614442
中信广场,23.147491,113.331298
康有为万木草堂,23.1318271059,113.277974935
广州大桥,23.113376,113.322153
水西村,23.2029590607,113.4908546958
正果寺,23.425579071,113.9019837375
留耕堂,22.9104728699,113.3403351344
广东近代史博物馆,23.1347789764,113.2897961693
增城高埔广府民居,23.4696903229,113.7417700722
云峰翡翠梦想馆,23.3853797913,113.2544531657
广州杂技大马戏《笑傲江湖》,23.153393,113.316328
兔兔游乐园,23.1153,113.42
岗顶美食广场,23.1432,113.343
海战博物馆,22.8022,113.639
祈福酒店-儿童开心乐园,22.9756,113.341
蹦极弹床,23.1703,113.311
和平路侨批局旧址,23.118,113.259
雷霆观音寺,22.9793,113.41
南涧凌公祠,23.1215,113.416
青少年科技馆,23.1271050297,113.302725966
奇幻海洋馆,23.0949604011,113.266020731
ART(天河城百货店),23.1286061162,113.4111547406
图书馆综合馆,23.2047230597,113.388013097
华南植物园温室群,23.1883504127,113.3711723603
广东科学馆,23.0451113032,113.372065128
广州温泉酒店一晚,23.2929185814,113.3039441557
白云区图书馆(人和镇分馆),23.3381702601,113.3070748833
女人街,23.1381917417,113.388633152
公园前,23.1315137793,113.287048688
太和镇珊景商业步行街,23.3002148641,113.3653052272
石门国家森林公园赏花,23.650832,113.77855
瓜岭村,23.1514625549,113.6699302145
南沙十四涌,22.662385,113.626258
团一大纪念广场,23.1249980927,113.284562725
广州抽水蓄能电站,23.774731,113.964781
何仙姑井,23.3886375427,113.8404928079
詹天佑故居纪念馆,23.1189575195,113.2460992256
世外萄园,23.688959,113.758104
坑背村古建筑群,23.2812232971,113.6592646226
何仙姑旅游景区,23.383336,113.83359
欢乐佤谷,23.6895599365,113.7103349208
孙总理纪念室,23.092611,113.430366
校本部,23.09265,113.431901
天后宫,23.04083,113.412523
陆丰皮影,23.041694,113.411447
山魈,23.00469,113.324826
非洲森林,23.005314,113.32549
增城广场,23.2855033875,113.8242475847
大象表演园,23.005457,113.321429
从化流溪河水上绿道,23.7251465247,113.737429968
石灶风景区,23.627837,113.789221
二龙山生态园,23.358174,113.734914
凤凰山公园,23.292961,113.84284
醉观公园,23.1051292419,113.2389059228
中山大学生物博物馆,23.1037602107,113.3078863312
白云区科技馆,23.1458633229,113.309518227
正佳广场商贸旅游区,23.137807,113.333654
康王路,23.123771,113.253684
恩宁路,23.1199264526,113.2450448148
深井古村,23.0788955688,113.4167643897
民俗博物馆,23.3931808472,113.1982658238
鱼珠码头,23.099428,113.436065
西郊泳场沙滩欢乐池,23.1282380469,113.234691029
鲁迅纪念园,23.126347527,113.2926372999
广州圆大厦,23.056305,113.265606
南香山,23.220573,113.637135
珠江夜游海心沙东区码头,23.1164822161,113.3348943555
莲塘村公园,23.1462,113.469
何仙姑家庙,23.3886375427,113.8404932387
珠江芭醍啤酒文化创意艺术区,23.1125659943,113.3464008841
叁月私人影院,23.1529541016,113.3325523478
石井桥,23.2115745544,113.2463085654
十八罗汉山森林公园,22.800341,113.408887
广东工业大学,23.045425415,113.4024684334
南粤童星.td国际瑜伽舞蹈培训,23.0678331423,113.398244605
河滨公园,23.553668,113.598827
花都故乡里民俗公园,23.4909534454,113.0725784631
广州西塔,23.123504,113.329684
金贝儿童主题乐园,23.1476,113.352
澳洲森林,23.012178,113.320142
从化灌村文化广场,23.5853,113.722
太古汇Taikoo Hui,23.1395969089,113.3387645361
海军黄埔军事博览中心,23.0884919469,113.4336343647
白江湖森林公园,23.502358,113.916063
白云金街,23.1798004967,113.2740783245
广州市第二少年宫,23.122209549,113.3299238893
鸿儒书画廊,23.3907206346,113.2218772501
广州友谊剧院,23.1512432098,113.2639895554
尖锋美发,23.0531193871,113.379594914
沙面堂,23.112708,113.247959
广州香江健康山谷(原锦绣香江温泉城),23.5713908846,113.783452183
广州起义烈士陵园,23.135246,113.292275
笑翻天乐园,23.1118621826,113.5339470387
派逗蛙·亲水乐园,23.1417993113,113.4154193686
沙基惨案纪念碑,23.1126689911,113.2571140433
漱珠岗,23.0909061432,113.2977502559
芙蓉峰公园,23.5259532928,113.2321628392
加州汽车影院,23.1104240417,113.3570310943
中华全国总工会旧址,23.1255455017,113.2839339006
广州蓄能水电站旅游度假区,23.8148296559,113.9657042534
陈家祠广场,23.1324308437,113.2526904598
纯粹艺术空间丨Pure Art Space,23.0439571109,113.3826209425
正佳自然科学博物馆,23.1379064753,113.3335645304
1978电影小镇,23.302677,113.85212
大小手儿童亲子乐园,23.1845,113.328
七彩主题儿童乐园(增槎店),23.1835,113.233
医灵古庙,23.222,113.274
增城区博物馆,23.2932,113.843
广州市番禺明珠古陶瓷标本博物馆,22.927,113.353
平沙福荫堂,23.2532,113.257
亲子乐园,23.1385,113.333
广州起义史迹第一公园旧址,23.1339,113.271
星期六儿童成长主题乐园（汇侨店）,23.2016,113.264
沙滩亲子乐园,23.1304,113.254
中共中央华南分具秘密点中原行旧址,23.1184,113.269
黄埔儿童公园机动游戏,23.1119,113.469
乐翻天儿童乐园,23.1887,113.335
Truch密室逃脱,23.0903,113.278
一代国收冯国浩纪念馆,23.1474,113.258
叶氏宗祠,23.1839,113.634
动感地球村儿童乐园,22.9971,113.357
潮流跑车,23.3865,113.227
新塘万田生态公园,23.1816,113.677
梁家村公园,23.1309,113.798
环游乐园新天地店,23.0673,113.399
广州苏维埃政府办公楼旧址,23.1304,113.271
觉华寺,23.0999,113.656
赤坭影剧院,23.3894,113.09
锦屏古寺,23.1365,113.671
广州好普艺术博物馆,23.1741,113.464
嘻哈乐儿童主题乐园,23.2664,113.304
广粤公馆-室内游乐场,23.1203,113.347
石滩广场,23.1922,113.804
坑口地铁站广场,23.0846,113.24
音幻屋,22.947,113.37
同和倚绿公园,23.2082,113.33
毕氏大宗祠,23.3957,113.188
八五会馆,23.3952,113.231
于野罗公祠,23.1142,113.457
禘长钟公祠,23.1276,113.427
一善佛堂,23.2434,113.423
City Flight ClubCity Flight Club,23.3923,113.309
奇乐儿儿童主题公园(东山锦轩店),23.1313,113.302
迪乐尼儿童主题乐园(豪骏名苑店),23.3869,113.205
哇哇儿童游乐园,23.0171,113.368
过山车,23.1532,113.261
儿童乐园,23.095,113.266
巴拉拉小魔仙主题乐园,23.0887,113.286
长兴乐园,23.0194,113.429
贵宾休息区,23.3889,113.312
玫瑰园,23.1647,113.3
七彩主题儿童乐园,23.238,113.281
全家福亲子游,22.9742,113.342
奇乐儿儿童主题公园(名盛广场店),23.1291,113.277
童欢儿童乐园,23.0663,113.258
华南师范大学(石牌校区)第一课室大楼-北广场,23.1441,113.355
友银儿童乐园,23.1239,113.567
麻涌镇西园古亭,23.0549,113.581
广州大马车农业主题公园,23.0247,113.452
大中华区,23.005,113.323
广州科学城体育公园-暹岗公园,23.1721,113.453
玫瑰园,23.1333,113.374
永思堂,22.9925,113.481
长隆水上乐园-正门储物柜区会合点,23.006,113.331
虎门沙滩,22.8001,113.639
游乐设施区,23.5536,113.595
亲子滑道区,23.0091,113.329
好旺角美食休闲广场,22.7921,113.535
唐汉·千年古树,22.9794,113.313
科学城科学广场,23.170925,113.460058
停车场,23.0500858886,113.318166743
越秀区文化馆,23.1249991362,113.2966708
华南师范大学大学城校区停车场5,23.0572271974,113.3842417267
心丝发廊,23.0434920601,113.395169723
大众舞台灯光厂,23.2424913748,113.230039087
大学城南地铁站,23.0493837374,113.4068869994
从都,23.6913034071,113.6848323993
捷霖空气净化技术有限公司,23.3062976569,113.353395051
广州图书馆24小时自助图书馆,23.1189292756,113.434525664
薰衣草,23.2121220446,113.2961430122
缤纷园地,23.15714988,113.609801266
温小凤画廊,22.807358981,113.5595486966
超谷科技园,23.0624144192,113.392350546
艺赏画廊,22.9359086977,113.3651264084
海洋角,23.153802354,113.2570901163
超时空,22.9501344532,113.362504972
九龙湖公主酒店龙泉水疗馆,23.4670761424,113.4217862539
温泉高尔夫花园别墅,23.6502412262,113.6619031096
宝贝反斗城,23.1253788082,113.3272281393
国际会展中心A区,23.1077557958,113.3604596634
申通快递,23.0540303778,113.3817650526
天河区博物馆,23.1553161578,113.3206225248
萝岗中心公园,23.1824687105,113.4629934036
华工红棉苑,23.0508507841,113.415843697
松园艺苑体育店足球场,23.1992463991,113.334816063
官廳别墅区,23.1789608142,113.7289692436
淘气宝游乐园,23.2218431457,113.2349270042
缤纷乐园,23.136015652,113.421024307
湿地植物区,23.2050578124,113.3144700298
岭南国画院,23.2208251299,113.2967056993
Islands音乐清吧,23.0673089256,113.4000720962
儿童游乐场,23.1584641597,113.2743262546
恐龙科普驿站,23.0102299569,113.3208167408
广州少年宫小书画家俱乐部,23.1393522265,113.2582851299
滨江水上居民民俗博物馆,23.1150709245,113.28174808
广州市荔湾区档案馆,23.1161601727,113.2240544979
蚌湖永乐园,23.2874919812,113.2611216536
喜来登乐园,23.6164365581,113.5919184846
华南师大增城康大学院,23.316608429,113.5702185741
番禺大桥,23.044941,113.346555
宝墨堂,22.901308,113.300669
北岛创意园,23.098733001,113.4107831002
米岗村美丽乡村玫满园,23.1519118333,113.3061510322
花溪,23.0664502985,113.338529473
荔枝公园,23.1391403567,113.5832691058
289艺术创意园,23.1296792932,113.3212043595
牛山炮台公园,23.1020324634,113.4817423078
人和绿洲驿站公园,23.3497366572,113.3303795674
新塘公园,23.1225474848,113.6246848194
绿道,23.2927553926,113.8403694106
大南路,22.9406308824,113.3720018077
欧洲风情街,22.9296747788,113.3615077335
广东温泉宾馆天医处养生园,23.6543917415,113.6606858236
猎人坊风情街,23.1261237613,113.3399865116
砖厂创意园,23.1173382721,113.3514711084
广州民间金融博物馆,23.117703,113.266702
2016休闲运动创意营地,23.626058,113.65558
广州东塔,23.125775615,113.33394232
南沙儿童公园,22.8240173363,113.547828804
逵园艺术馆,23.1253629201,113.30277409
啵乐乐主题乐园,23.1021232605,113.2798664978
波楼,23.1089019775,113.2547429194
仙居果庄,23.6059322357,113.7556237103
荔枝湾文塔,23.1266841888,113.2434043846
清真先贤寺,23.151871,113.267241
凤凰古围,23.5144386292,113.6800745199
钟楼古村,23.5225391388,113.5189000202
蝠王洞天,23.6594810486,113.78462881
钱岗古村,23.436630249,113.5528321401
荔枝文化公园,23.294298172,113.8253182755
何仙姑塔,23.3884944916,113.8378390789
三桠塘幽谷,23.729492,113.817988
花塔,23.1344051361,113.2664682115
中共三大会址纪念馆,23.1252632141,113.3024595241
优昊家族（时尚天河店）,23.1397838593,113.3338379886
从化森林瀑布谷漂流,23.6498413086,113.6204038934
从化三百洞森林度假村,23.4911556244,113.5485364422
北回归线广州标志塔,23.44555,113.49383
端砚艺术展览,23.120554,113.332958
馆藏历代陶瓷展览,23.120554,113.332958
潮州木雕艺术展览,23.120554,113.332958
快乐童年,23.042625,113.412633
岭南庙会,23.040654,113.412363
快乐水乡,23.042318,113.410639
碧影湾,23.202359,113.314852
雨林仙踪,23.009821,113.320622
丛林发现,23.005324,113.325993
百虎山,23.008998,113.322243
儿童天地,23.004561,113.322454
欧洲山地,23.009533,113.318166
黄金海岸水上乐园,23.11069,113.300913
广东省立中山图书馆,23.1306476593,113.2830372654
发展公园,23.115708,113.312696
蒋光鼐故居博物馆,23.1251621246,113.2420216137
马鞍山公园,23.4006347656,113.2445021227
花都广场,23.4058742523,113.2262730806
河马剧场,23.0003,113.335765
詹天佑故居,23.11894,113.246054
泮塘路,22.7700862885,113.2587993025
秀全公园,23.3809051514,113.2205768694
大夫山森林公园红山休闲站,22.97328517,113.3407375514
荔湾区儿童公园,23.0890715991,113.2484635255
南山公园,23.0151724035,113.398227657
广州帽峰森林公园,23.2924984187,113.3555690745
洲头咀反租地抗英斗争纪念碑,23.1100904137,113.2562865925
新荔生态公园,23.1839551489,113.6897392193
蕉石岭森林公园,23.292691,113.870491
吴氏大宗祠,23.1694251225,113.6714753852
广州动物园恐龙馆,23.1440231118,113.3115343538
中共第一支部成立旧址,23.1235924904,113.2717048184
康公庙,23.2743712477,113.2059219192
北帝古庙,23.3496849874,113.3089294397
车陂郝家祠,23.131327701,113.4021034547
倚岩寺,23.1131916046,113.6078749777
龙皇庙,23.5355936369,113.5857042467
华光神庙,23.1111633317,113.5658370741
崔太师祠,23.2862311845,113.6566698779
叶剑英商议讨逆旧址,23.1304609291,113.2735770471
广东外事博物馆,23.1120494471,113.249868131
龙泉峡,23.1375448229,113.3351378892
南岭塔,22.7649536133,113.6238209505
胡氏宗祠,23.2519183251,113.2751429931
包丞相庙,23.0423684683,113.3726203448
犀牛角山,23.180795019,113.3384712854
长寿寺,23.2922725677,113.8433998459
海傍水乡,22.942471,113.480603
白云楼鲁迅故居,23.1228427887,113.2868187604
黄山鲁森林公园,22.782265,113.592019
孙中山读书治事处纪念碑,23.1410857559,113.2713022918
滴水岩森林公园,22.913705,113.322044
琶洲塔,23.1048927307,113.3830291982
凤凰山森林公园,23.2251536418,113.3956623103
黄埔公园,23.1067390442,113.4573147507
健悦汗蒸养生馆,22.974783,113.329363
御盛森林马场,23.419575,113.129886
琶洲大桥,23.110675,113.380451
蒲洲花园,22.7689437866,113.6219105287
珠村,23.1266746521,113.4276649662
海幢寺,23.1121387482,113.2646577431
广州大佛寺,23.12893,113.274076
广州美术学院,23.0992221832,113.2851020261
华南理工大学,23.156241,113.35206
中山大学新华学院,23.064191,113.586996
客村,23.094098,113.324761
海印桥,23.115794,113.289713
海珠桥,23.1187782288,113.2733690416
摩星岭,23.188997,113.307711
天南第一峰,23.1774253845,113.311207305
白兔岗炮台,23.0901165009,113.4380600452
羊城创意产业园,23.124522,113.39007
黄龙带,23.77054,113.74039
北回归线公园,23.445546,113.493827
神木文化园,22.922596,113.424424
增城荔枝文化村,23.131282,113.577972
雁塔,23.2791,113.831853
三仙会天堂,23.6344985962,113.7711138758
通天蜡烛山,23.905342,113.791606
仁威庙,23.1289138794,113.2421476798
怀圣寺,23.1289272308,113.2654529736
宝桑园,23.449095,113.02872
天河东站绿化广场,23.1520911095,113.3310410818
广州文化公园,23.115663,113.2574
永乐绿色生态农庄,22.66942,113.614644
华林寺,23.1226005554,113.2534486996
玉岩书院,23.1918087006,113.5324616431
农民运动讲习所旧址,23.1342164998,113.2823859041
裕达隆花园,23.2274298636,113.8925960657
广州气象卫星地面站,23.1677303314,113.3507152981
盘古王庙,23.4897441864,113.162066499
西苑,23.1425879102,113.2489068806
欢乐佤谷游乐园,23.6894447479,113.7104033384
畲族风情村,23.3175472685,113.9883195777
广州起义纪念馆,23.1305618286,113.2711446241
y8y8,23.0669508408,113.400980918
奇幻迷宫探险体验馆,22.943763,113.327656
广州冠胜农业公园,22.9040816978,113.419702256
南沙动漫乐园,22.754438,113.620783
奥体水上嘉年华,23.145573154,113.4168593647
Pacha Mama AdventuresPacha Mama Adventures,23.1389290626,113.3352182427
六元素水上乐园,23.1022732974,113.378832385
二沙岛艺术公园,23.116287,113.325574
半朵时光DIY工作坊,23.1361440996,113.2736080649
一号船长(增城东汇城店),23.2897,113.825
二帝古庙,23.2502,113.313
儿童休闲区,23.1295,113.274
德闲庄樱花园,22.9947870367,113.3260210448
新悦舞台,23.1051,113.81
5D星空错觉艺术馆,23.1297246385,113.2746659128
基督教河南堂,23.1072609603,113.257575806
儿童乐园,22.9766,113.491
李氏祖祠,23.2036,113.26
呗呗乐,23.0885,113.283
茶滘新村社区-文化广场,23.0982,113.236
留香广场,23.0688,113.237
奇乐儿儿童主题公园(五号停机坪店),23.1861,113.27
夏一站 天后（芳村店）,23.1014,113.237
七彩丫室内儿童游乐园,23.1968,113.266
珠江夜游大元帅府码头,23.117484,113.285646
豆豆开心乐园 (豆豆开心乐园 ),23.1307,113.3
金沙洲新社区-文体广场,23.1625,113.209
荔韵公园,23.2725,113.827
广州南站-西广场,22.9933,113.274
AI·DEA创梦空间,23.102283,113.378428
Kiki儿童成长乐园,23.2232,113.259
kiki儿童乐园(夏茅店),23.2232,113.259
机械城公园,23.0951,113.528
基督教协和堂(萧岗聚会点),23.1996,113.273
儿童欢乐世界,22.9679,113.408
协天宫(宝墨园办公大楼东南),22.9015,113.3
增城市福和基督教堂,23.3715,113.635
汉溪村人口计生主题公园,22.9945,113.336
文祐关公祠,23.0667,113.244
小龙公园,22.9663,113.443
麻四蔼林萧公祠,23.0517,113.58
伯奇公园,23.1486,113.195
六祖殿,23.1117,113.265
周周乐群众文化广场,23.1125,113.296
图海书城儿童乐园,23.1371,113.328
龅牙兔儿童情商训练营,23.1506,113.336
比巧乖儿童乐园,23.2041,113.265
豆豆开心乐园,23.1309,113.303
英福力皇,23.1262,113.328
罗浮净土人文纪念园,23.1729,113.344
广州卓凡游戏机厂家-儿童娱乐机,22.9835,113.395
弘基广场,23.0916,113.27
铁路人口文化广场,23.1325,113.312
波波堂,23.5561,113.592
仙迹岩,23.1288,113.276
船舵广场,23.1081,113.252
金山谷上观,22.9775,113.343
健身广场,23.3903,113.227
智乐多儿童游乐场,23.2036,113.257
贵德街光汉直街,23.1077,113.272
调皮捣蛋乐园,23.199,113.333
时代广场-西区,23.1465,113.324
金碧世纪文化广场,23.1199,113.436
港湾广场,23.12,113.289
星期六儿童主题乐园,22.9055,113.474
升旗广场,22.9503,113.488
牌坊,23.7545,113.786
湖滨公园,23.4772,113.421
小木马儿童主题乐园,23.1155,113.554
奇乐儿儿童主题公园(新光百货店),23.1307,113.255
树池广场,23.1077,113.253
童欢儿童主题亲子乐园,23.2123,113.249
南村广场,23.1423,113.539
舞蹈教室音乐厅,23.1689,113.281
儿童新天地diy涂鸦,23.2376,113.282
诚齐公祠,23.1344,113.437
欢馨儿童乐园(新塘店),23.1438,113.608
大生陆公祠,23.0431,113.412
魔鬼滑,23.0123,113.356
廖承志像,23.1031,113.307
极速云霄,23.1122,113.331
伍汉持墓,23.1375,113.295
嘉慧儿童乐园,22.947,113.405
熊猫公园,22.9402,113.373
儿童成长主题乐园,22.9867,113.318
嘻哈乐,23.3845,113.23
厚之徐公祠,23.3725,113.216
蒲鱼庄公园,23.3112,113.3
基督复临教堂,23.3686,113.639
泉溪公园,23.3005,113.234
游乐设施区,23.2799,113.241
龙地村海景公园,23.1262,113.844
两溪陈公祠,23.1735,113.731
南洲刘公祠,23.1138,113.416
天德潘公祠,23.1601,113.405
南沙区大岗镇豪岗小公园,22.807,113.41
清兵营房旧址,22.8039,113.633
连耕冼公祠,23.1315,113.337
华忆儿童乐园,23.1414,113.35
天佑徐公祠,23.089,113.35
幸运之星,23.0323,113.318
坑头牌坊,22.9969,113.405
彭氏宗祠,23.0173,113.4
嗨豚,22.9579,113.367
儿童世界(青云大道),22.9153,113.353
西涧陈公祠,22.9678,113.405
金城河畔星球公园,23.0332,113.291
雷氏大宗祠,22.9795,113.268
尚吉黄公祠,23.1094,113.466
巴江明珠,23.3402,113.118
樱花园,23.275,113.828
复孙会公祠,23.4048,113.247
666亲子乐园,23.2811,113.823
SNOW WORLDSNOW WORLD,23.1864,113.275
飞鹅岭山顶公园-南区,23.3656,113.148
中山大学天文台旧址,23.1313,113.284
翰墨缘艺博馆,23.1265,113.309
海潮,23.1322,113.3
位南卢公祠,23.1305,113.339
成长在阳光下,23.0981,113.658
摇摇车,23.0042,113.356
悠游堂(番禺永旺店),22.9434,113.395
张氏宗祠,22.9871,113.318
观寿莫公祠,23.0938,113.367
维波楼艺术生活博物馆,23.1296,113.35
HC VRHC VR,23.1411,113.346
圣济庙,22.9463,113.397
番禺区东涌镇安乐堂,22.8234,113.486
辛亥革命烈士墓园,23.1692,113.343
亲子儿童乐园,23.472,113.174
开心哈乐儿童乐园（富力金港城店）,23.4634,113.367
中玩儿童乐园,23.406,113.223
飞鹅岭山公园,23.3714,113.15
荔香别院,23.2638,113.822
乖宝宝儿童乐园,23.1919,113.348
周总理视察岑村纪念林,23.1825,113.39
外谭祠堂,23.2791,113.244
星汇儿童乐园,23.2355,113.28
棠涌公园,23.1977,113.261
瑞江伍公祠,23.1205,113.617
松隐梁公祠,23.1158,113.44
伯祥潘公祠,23.1291,113.427
怀德石公祠,23.1156,113.431
都市农业生态旅游区,22.6578,113.606
街心公园,22.8059,113.412
开心岛儿童水上俱乐部,22.9728,113.495
棠景街消防主题公园,23.1771,113.258
吉潮水上乐园设备,22.9175,113.398
游乐设施,22.947,113.369
广声陈公祠,22.9701,113.404
游乐设施,22.9427,113.395
侯王古庙,22.9298,113.351
傍江大庙,22.9543,113.414
激光战船,22.8846,113.296
麦汉兴艺术纪念馆,23.1259,113.243
儿童欢乐世界,22.9435,113.413
甘棠村文化体育公园,22.9641,113.385
快乐大本营,22.942,113.492
龙溪水上乐园,23.0844,113.225
星河·城市广场,23.0575,113.582
魔贝比儿童主题乐园,23.1091,113.302
新村元杰纪念公园,23.2573,113.306
康公古庙,23.0939,113.306
西南公园,23.121,113.836
荫后园,23.1267,113.743
广州开发区萝岗区文化与博物馆,23.1699,113.46
潢涌江滨公园,23.1277,113.752
天河青少年文化广场,23.1309,113.372
葡萄园,23.4135,113.802
体育公园,22.8295,113.521
桃李园,23.0474,113.375
洪圣古庙(江华路),22.954,113.414
百丰广场,23.1134,113.837
高村文化广场,23.0965,113.215
光复中路当楼旧址,23.1231,113.258
维多利亚广场,23.2029,113.264
粤剧艺术博物馆-游览图,23.1222,113.245
山顶景区-帽峰山森林公园,23.3089,113.463
桔洲文化中心广场,23.1165,113.81
西苑小游园,23.1417,113.25
105新地娱乐美食购物广场,23.027,113.319
涌口公园(沿江中路),23.1304,113.82
天河村村民休闲健身广场,23.1378,113.323
府前广场,23.1338,113.271
一政钟公祠,23.1291,113.387
快乐缘,23.1994,113.373
洪圣古庙(藏书院),23.325,113.061
海伪路,22.7462,113.599
中堂文化广场,23.0985,113.665
芙蓉水上世界公园,23.5189,113.242
中堂影剧院,23.0951,113.664
清溪梁公祠,23.5409,113.617
东涌富民生态葡萄园,22.9025,113.456
琼圃梁公祠,23.1344,113.438
湛宜梁公祠,23.0958,113.326
新世界花园-社区文化活动广场,23.1133,113.584
铁木轰趴(广纺联二号店),23.125,113.362
南湖游乐园办公楼,23.2256,113.342
沙涌广场,23.1774,113.259
德耀,23.1248,113.363
梦幻岛大型儿童游乐园,23.0931,113.334
许氏宗祠,23.2483,113.245
玉穹,23.1598,113.278
珍稀濒危植物,23.0429,113.368
日东苏公祠,23.1353,113.394
广州市青年社会组织孵化基地-多功能厅,23.1305,113.275
星期六儿童成长主题乐园(花都店),23.3944,113.235
贝多乐儿童主题乐园,23.2245,113.278
马卡龙王国,23.1286,113.277
乐贝儿游乐园(大岗阳光城市广场店),22.8015,113.407
悠游堂冰雪主题乐园(绿地店),23.1871,113.276
ORANGEORANGE,22.9298,113.363
华婴儿童百货儿童乐园,23.4004,113.209
BabyFish儿童亲子水上乐园,23.1094,113.299
沙滩亲子乐园,23.1248,113.296
贝童乐儿童乐园,23.0375,113.31
智多宝儿童乐园,23.2645,113.277
七彩主题儿童乐园,23.0684,113.323
金儿乐开心乐园,23.1869,113.327
七彩主题儿童乐园(东朗店),23.0685,113.261
茂德公南沙办事处,22.8089,113.557
普明慈济,23.3917,113.213
迪士尼儿童,23.1167,113.546
广州志愿驿站联合会(黄埔军校志愿驿站),23.0928,113.432
永乐寺,23.1172,113.277
宝田沙场,23.3561,113.134
广州长建物业管理有限公司麒麟新城(二期)物业管理处,22.8182,113.501
新雅街文化广场,23.3656,113.23
(好世界店)成人游泳培训班包教会,23.1426,113.291
儿童攀岩墙,23.0557,113.403
豪华碰碰车,23.3795,113.222
乐依舞台艺术,23.1499,113.319
6号公园,23.0284,113.378
东景广场,23.1305,113.405
星空广场,23.1884,113.273
江边广场,23.1112,113.251
七色乐园儿童游乐场,23.2937,113.838
萌宠小站,23.1872,113.272
松龄儿童乐园,22.8093,113.421
游乐设施,23.1274,113.41
吉峰公祠,23.1341,113.439
中国奢瓷一号馆,23.1211,113.398
宾客体验专区,23.1281,113.411
乐悠游儿童游乐园,23.1725,113.47
越富宝宝屋儿童乐园,23.136,113.261
开心哈乐.儿童乐园,23.1264,113.433
蝌蚪公园,23.1623,113.32
流花东苑艺博馆,23.143,113.262
藏经阁,23.1116,113.265
观光游览车南门站,23.1422,113.314
梵尔巴艺术空间,23.1251,113.36
魔方公寓(天河公园店),23.1397,113.381
广州园林博物馆,23.1439,113.262
北庄冼公祠,23.1319,113.337
中国金融博物馆书院(广州分院),23.1117,113.33
平岗公园,23.613,113.687
清源张公祠,23.4941,113.622
石球金字塔,23.4066,113.166
乐淘淘游乐园,23.3872,113.201
乐翻天亲子乐园,23.5649,113.579
济公庙,23.1084,113.844
诸葛亮纪念堂,23.0788,113.419
益智儿童乐园,23.2599,113.852
何氏宗祠,23.1721,113.71
世美钟公祠,23.1342,113.393
蓝色旋风,23.1514,113.288
百事佳儿童游乐,23.1162,113.55
开学哈乐儿童游乐园,23.1147,113.574
南粤先贤馆,23.1266,113.266
广东省满族文化陈列馆,23.1263,113.263
邓练贤烈士像,23.1583,113.278
果虫滑车,23.1437,113.314
悠然汇,23.1577,113.36
动感穿越9DVR体验,23.1401,113.331
游乐设施,23.1353,113.303
冯氏宗祠,23.3777,113.207
木马人儿童乐园,23.396,113.214
润和养生文化及心脏健康博物馆,23.4107,113.268
塘头公园,23.0445,113.458
黄埔群英馆第二展馆,23.0923,113.432
缤纷儿童乐园,23.1843,113.599
仙村紫薇公园,23.2065,113.723
澳洲植物专类园,23.183,113.368
生态池,23.0432,113.368
TOMYORK咖啡博物馆,23.0389,113.353
东海堂公园,23.3133,113.38
归义庵,23.0508,113.577
建生游乐,23.1004,113.273
楚庭陈公祠,22.9899,113.406
大小手儿童乐园,23.0998,113.24
馨园,23.0947,113.25
诚斋卫公祠,23.0632,113.321
百福图,22.9901,113.514
广州祥念祭祖楼,22.9727,113.397
北极探险,23.004,113.337
游乐设施,22.93,113.364
湴汾村体育文化广场,23.4695,113.833
黄陂社区文化广场,23.1974,113.443
室内乐演奏厅,23.114,113.312
金道广场,23.078,113.24
奇乐儿儿童主题公园（新塘金海岸店）,23.1337,113.61
超级水战区,23.1109,113.533
牛角岭公园,23.1727,113.454
亚马逊探险乐园,23.1737,113.459
子贤黄公祠,23.1316,113.421
满桦号陶瓷藏品展,23.1425,113.259
幸运之星,23.129,113.277
居敬简公祠,23.1253,113.405
南粤先贤馆-一期,23.1265,113.266
幸运之星,23.129,113.276
新小港湾港湾游艺会所,23.1295,113.256
榕荫游乐场,23.1436,113.257
关汉卿,23.1579,113.278
从化风云佛堂,23.5489,113.571
游乐设施,23.4062,113.223
瑞祥坊,23.3889,113.157
波波堂儿童乐园,23.3635,113.531
贵一何公祠,23.346,113.548
祥安楼,23.3892,113.157
动物博物馆,23.1075,113.446
荔江公园,23.3142,113.848
棕榈植物,23.0465,113.366
可达谢公祠,23.317,113.37
中国人民解放军第四二一医院幼儿园-游乐园,23.1,113.344
子羲胡公祠,23.0957,113.402
东成苏公祠,23.2975,113.273
德敬潘氏公祠,23.0965,113.366
观赏植物园,23.046,113.366
荔湖城公园上城,23.2382,113.607
高山植物区,23.188,113.37
广州志愿者公园-南区,23.0923,113.259
庆丰公园,23.2171,113.232
员村公园,23.2286,113.273
太和思祖园,23.2431,113.353
糖果果猎人,23.0889,113.286
精灵儿童乐园,23.2345,113.199
陈耀真毛文书故居,23.1023,113.306
欣欣水族馆(西安驻广州办事处),23.0911,113.235
萌丫丫,23.0793,113.299
丞相张公祠,23.2096,113.244
保利公园九里D3栋,23.0865,113.22
体育公园,23.2611,113.334
笑笑儿童乐园,23.1064,113.289
健康快乐儿童乐园,23.0886,113.279
杨孚故里,23.106,113.314
童幻世界儿童乐园,23.1071,113.314
嘟比乐儿童乐园,23.1801,113.512
靖日徐公祠,23.0976,113.363
百米喷泉,23.0458,113.366
文阁公园,23.0481,113.328
儿童沙堡乐园,23.0331,113.283
黄氏大宗祠,22.9611,113.451
白虎撒野乐园,23.008,113.321
咿咿呀呀儿童乐园,23.013,113.396
半峰黄公祠,23.0143,113.502
谢家公园,23.1997,113.263
同野梁公祠,23.0159,113.3
番禺南区公园游乐园,22.9274,113.367
游乐设施,22.9303,113.367
山顶营旧址,22.8079,113.633
趣多多儿童乐园,23.1106,113.476
莲谭庙,23.1419,113.529
笑悦来儿童奇趣乐园,23.1178,113.55
爱朵儿童主题乐园,23.1229,113.621
吉祥殿,23.1351,113.262
虚拟现实VR体验馆(潮楼店),23.1097,113.453
刘永福"虎"字摩崖石刻,23.1751,113.307
苏从山先生之墓,23.1476,113.301
赵氏宗祠,23.1113,113.444
茅岗洪圣庙,23.1185,113.445
宦溪礼堂,23.1217,113.417
泰克小镇,23.145,113.294
农趣园,23.1439,113.256
六榕寺弘法堂,23.1354,113.263
巴闭GAME,23.129,113.273
古堡探奇,23.145,113.275
全家儿童游乐园,23.1384,113.388
仙人大座,23.1543,113.278
儿童乐园,23.168,113.388
银博物馆,23.4078,113.165
童欢儿童乐园,23.378,113.229
广东药科大学中药标本馆及药用植物园,23.0629,113.419
健贝乐儿童乐园(中堂店),23.0971,113.658
槎岗怡园,23.2874,113.838
金菠萝儿童游乐馆,23.1031,113.451
玩得乐儿童乐园,23.101,113.236
童心儿童游乐园,23.1067,113.463
华阳樊公祠,23.2038,113.374
古梅生态农业园,23.051,113.573
观音古庙(横坑新村东头街),23.1929,113.568
酷贝游乐儿童乐园(龙洞店),23.1994,113.373
润政游乐园,23.0897,113.285
公仔机店,23.1015,113.28
爱迪仕水族馆,23.0909,113.24
观音殿,23.0173,113.503
菱塘东村公园,23.0148,113.508
小天才乐园,22.9737,113.33
哈你运动乐园,22.9437,113.395
穿越时空VR迷你乐园,22.9433,113.395
梅墅古庙,23.0071,113.394
嘉慧儿童乐园(石楼商贸中心店),22.9747,113.491
韦陀庙,23.0171,113.502
广州市南沙区基督教榄核聚会点,22.8393,113.349
南滨水角公园,22.7829,113.53
公园平价店,23.1225,113.625
骑士仑滑,23.0154,113.368
恒升临时提货处,23.0908,113.302
梦岗香雪公园,23.1889,113.532
旺角休闲美食广场,23.1603,113.666
世界时区,23.0928,113.241
啤酒广场,22.8921,113.41
开心岛儿童水上主题俱乐部,22.9615,113.443
百悦舞台,23.122,113.82
廉洁文化广场,22.9734,113.314
京溪云景文化园,23.1886,113.337
中山长江水上乐园,23.1387,113.375
榕园休息区,23.1594,113.331
盘古神庙,23.4944,113.167
曼田生态公园,23.1846,113.678
西南文化中心-舞台,23.1154,113.827
晓岗公园管理室,23.1047,113.288
北京街广百文化广场,23.1295,113.274
富丽广场,23.0256,113.32
流溪河国家森林公园石马牯,23.7887,113.817
广州市花都区花东镇成人文化技术学校活动场地,23.4454,113.337
增城何仙姑景区-何仙姑古庙,23.3886,113.84
天河儿童公园-吉山橄榄公园,23.1395,113.437
广东省木偶艺术剧院西关大屋剧场,23.1252,113.242
驷马涌文化体育广场,23.1393,113.253
金茂影剧院(珠江金茂府营销中心),23.0784,113.25
沙坑中心公园,22.9168,113.351
金宝影剧院,23.4649,113.171
广州十三号剧院,23.1545,113.316
子忠邵公祠,23.1655,113.651
兰庄黄公祠,23.368,113.167
北溪会公祠,22.9592,113.372
杨桃公园-荷花池,23.122,113.42
岭南画派纪念馆,23.099,113.286
中山医科大学-校友会堂,23.1366,113.297
大金峰原生态百花果公园,23.5043,113.585
太阳岛儿童游乐园,23.1979,113.27
得利达广场,23.1687,113.42
市政府广场,23.135,113.271
天主堂(山河后街),23.1243,113.306
冼村文化广场,23.1311,113.335
哪吒宫,23.2557,113.318
廖氏宗祠,23.0217,113.397
血祭轩辕亭,23.1358,113.294
康公古庙,23.1954,113.276
马腰岗公园,23.0695,113.453
潭村公园(宝岗楼东南),23.1979,113.243
东涌炮楼,22.8877,113.468
俄罗斯教堂,23.1528,113.425
番禺区基督教市桥礼拜堂,22.9386,113.372
仙姑天池,23.6006,113.765
曹崇恩雕塑园,23.0654,113.37
芦湾文化广场,22.7961,113.596
欢天喜地儿童游乐园,23.1058,113.288
大学生(广州)艺术博览会,23.1418,113.28
仙乐园,23.2225,113.285
麻涌文化广场,23.0585,113.587
冯如坠机处,23.1543,113.321
银排岭公园-文化体育广场,23.2018,113.392
公园二横路,23.1241,113.622
中国印数字博物馆,23.1694,113.457
广州市番禺陶瓷标本博物馆,22.9258,113.353
调皮捣蛋游乐场,23.199,113.334
张村影剧院,23.2072,113.244
金童宝儿童游乐园,23.1384,113.388
科普文体广场,23.0942,113.248
乐行会馆旧址,23.1288,113.258
艺庐,23.1163,113.259
流花街社区文化广场,23.1548,113.269
东北门广场,23.1458,113.263
颐林黄公祠,23.1545,113.662
联安黄公祠,23.1618,113.656
鹿颈村文化广场,22.7638,113.608
猎德鼓塔,23.1213,113.341
黄村街荔苑社区文化广场,23.1317,113.418
青果果儿童游乐园,23.1382,113.39
沙东街双拥文体广场,23.1686,113.321
太空探险主题亲子乐园,23.1382,113.388
七彩主题儿童乐园(钟村店),22.9568,113.373
吉吉游乐场,23.1277,113.274
健贝乐儿童乐园(新塘万禾购物广场店),23.1295,113.617
小勇士儿童拓展乐园,23.4089,113.245
宝贝丫儿童主题乐园(白云万达店),23.1791,113.273
动感地球村儿童游乐场,22.9956,113.355
德睿雅森林乐园,23.192,113.346
悠游堂动漫星球双主题乐园,23.0891,113.286
城市勇士拓展乐园,22.9699,113.371
爱朵之星主题乐园,23.0305,113.323
开心岛儿童水上俱乐部,22.9456,113.411
吉祥笑笑儿童乐园,23.0992,113.235
七彩主题儿童乐园(江高店),23.2804,113.242
开心玩国,23.1877,113.328
秀全街市民广场,23.3809,113.167
远耕公祠,23.1673,113.386
城外大新公司旧址,23.1138,113.259
广州志愿驿站联合会(荔联志愿驿站),23.119,113.549
广州志愿驿站联合会(广百新一城志愿驿站),23.0988,113.273
广州志愿驿站联合会(高德汇志愿驿站),23.1731,113.459
广东省航海学会,23.1127,113.255
石壁思亲园,23.0039,113.287
石碁村文艺舞台,22.955,113.448
华发中央公园,23.0714,113.243
榕荫游艇,23.143,113.257
天一文化广场,23.1162,113.274
户外拓展水上高空区,23.752,113.791
飓风飞椅,23.3793,113.221
新光城市广场-南区,23.1298,113.254
杜鹃园,23.3169,113.803
58汽车陪练(花都区店),23.3461,113.233
草庄文化体育广场,23.328,113.339
江湾广场-健身苑,23.1215,113.283
祈福南沙酒店-儿童游乐场,22.806,113.55
东区健身广场,23.1557,113.358
新戈顿体育公园,23.104,113.362
新光城市广场二期,23.1312,113.254
向阳二社文化广场,23.5673,113.596
大田村社区服务中心-户外文体广场,23.276,113.21
龙腾广场,23.2079,113.246
身临其境VR主题公园(花城汇店),23.1257,113.331
广州站-东广场,23.1541,113.265
悦虎儿童主题乐园(越富广场店),23.1354,113.261
MR壹号大剧院,23.1145,113.261
青莲广场,23.1408,113.245
茶园南社区-全民健身小广场,23.393,113.222
中塘村文化广场,23.5935,113.452
新雅街邝家庄全民健身广场,23.3739,113.237
观音广场,23.4073,113.168
广州东站-站前广场,23.1524,113.331
江村大桥南广场,23.275,113.251
梦幻成真乐园,23.1314,113.386
宁西广场,23.2281,113.667
汇景广场,23.198,113.241
娃娃乐海洋主题儿童乐园,23.2439,113.297
沙埔广场,23.1658,113.668
东沙街南漖文体广场,23.0564,113.253
和平南小区-文化广场,23.1417,113.245
明辉广场,23.104,113.25
流溪影剧院,23.5531,113.596
绿轴广场,23.1739,113.458
五山花园-文化广场,23.1575,113.361
漫塑广场,23.1252,113.391
开心岛儿童水上主题俱乐部,23.2443,113.288
东涌文化广场,22.8879,113.461
新悦戏台,23.105,113.811
新兴社区广场,22.7168,113.558
yoyopark儿童主题乐园,23.0898,113.276
新华街文体广场,23.3756,113.19
海洋主题儿童乐园,23.2109,113.261
留香文化广场,23.15,113.255
文冲街文化广场,23.1111,113.48
庙头文体广场,23.0866,113.511
台湾伊田缝纫机(土华专卖店),23.0717,113.359
Truth密室逃脱,23.0903,113.278
北帝广场,22.9682,113.404
丽江社区-文体休闲广场,23.0674,113.523
广秀广场,23.1044,113.388
Sapling悦悦象成长乐园,23.0308,113.316
圆形广场,23.06,113.391
童话堡剧场,23.0015,113.356
东乡广场,23.0494,113.288
星期六儿童成长主题乐园,22.9508,113.489
庙贝文化剧场,22.7965,113.453
石岗紫来里,23.2142,113.261
广州城市印记公园,23.2121,113.272
白云万达儿童乐园旋转木马项目,23.1789,113.272
棠景棠溪体育公园,23.1913,113.252
增城公园-游乐场,23.2928,113.829
棠下福阴堂,23.1822,113.258
河谷雨林区,23.1873,113.371
内谭祠堂,23.2794,113.243
双和公园,23.2684,113.314
国斯潘公祠,23.1243,113.427
水母湾美洲同盟会会馆旧址,23.1232,113.273
赤岭天桥到道滘湿地公园,23.1336,113.676
华帝古庙,23.1312,113.422
善从张公祠,23.1093,113.456
海月罗公祠,23.1151,113.457
奇超周公祠,23.1161,113.446
冠威(景安花园店),23.1212,113.433
海盗船,23.1364,113.419
文史书画院,23.1764,113.279
波波堂儿童乐园,23.587,113.507
淘淘贝乐园,23.132,113.289
森林公园(临时站),23.7499,113.791
穆斯林礼拜点,23.3897,113.209
鸬鹚,23.1498,113.312
薛觉先东山故居,23.1268,113.301
亲仔鹿,23.1285,113.274
国玉馆,23.1223,113.254
主教府,23.1213,113.266
多多儿童乐园,23.1093,113.277
盎特莱蓬号,23.1584,113.276
北欧星光错觉主题乐园,23.1463,113.324
哈乐贝比游乐园,23.3678,113.256
公仔机地,23.1405,113.329
广东当代艺术中心,23.1236,113.363
魔乐城VR体验馆,23.1291,113.35
七彩童年游乐园,23.0944,113.324
奇乐儿童主题乐园,23.1004,113.272
众福城购物广场二楼儿童游乐园,23.045,113.337
潮玩基地,23.0913,113.531
邓兆祥故居,23.0397,113.322
帕乐菲尔儿童乐园,23.1057,113.288
广东轻工职业技术学院-红墙大展厅,23.0962,113.307
广州国际文化艺术展贸中心,23.069,113.21
广州关帝庙,22.9899,113.336
儿童乐园,23.0138,113.397
张氏宗祠,22.9778,113.377
非洲部落,23.0052,113.323
尊石馆,23.0356,113.326
逸华何公祠,23.014,113.268
仁和公园,22.9884,113.316
恩山公园,22.9881,113.315
果虫滑车,22.97,113.315
酷儿悦亲子乐园(吉祥店),22.8921,113.462
幸运之星,22.9537,113.369
爱心梦希成长乐园,22.9482,113.362
反头成龙,22.9298,113.364
农家五绝表演,22.8847,113.293
幼而学游乐园,22.7829,113.541
天康宝蜜蜂文化展厅,23.1918,113.37
赵祖江公祠,23.2952,113.311
奇乐儿儿童主题公园(东汇城店),23.2898,113.825
乐立宝儿童乐园,23.1868,113.327
聚源水族馆,23.2029,113.328
国浩徐公祠,23.2432,113.359
爱堂公祠,23.1985,113.26
古籍药用植物区,23.1922,113.376
万善堂,23.2041,113.374
卡其乐儿童乐园,23.2124,113.265
广州市白云区同德熊宝宝儿童乐园,23.1819,113.247
酷贝儿童乐园,23.2279,113.31
翠台梁公祠,23.1223,113.401
帝保伍公祠,23.1204,113.617
蜗牛梦想儿童成长乐园,23.2278,113.31
区氏大宗祠,23.1261,113.562
乐创7D互动体验馆,23.1294,113.66
庆丰新庄公园,23.214,113.242
广州市夏茅北帝庙,23.2305,113.263
飞行体验,23.1875,113.272
陶铸像,23.1923,113.372
乐乐派儿童乐园,23.1871,113.272
欧阳大宗祠,23.2807,113.208
小天才游乐园,23.2871,113.307
童朋亲子乐园,23.2631,113.279
祠堂门口,23.2856,113.213
游龙休憩,23.1387,113.27
赤社旧址,23.1322,113.274
客堂,23.1346,113.263
儿童乐园,23.1229,113.41
游乐设施区,23.1745,113.473
乐天罗公祠,23.1127,113.457
奇乐多儿童乐园,23.1341,113.41
哇哈哈,23.118,113.448
喜洋洋儿童乐园(珠村祠前横路),23.1301,113.429
梅隐潘公祠,23.1284,113.428
西和.朗水云天郊野公园,23.663,113.596
防御使钟公祠,23.4365,113.506
荔香公园,23.4501,113.506
马仔山公园,23.4595,113.498
华软丝木棉广场,23.4564,113.501
孙氏宗祠,23.5942,113.504
绍徽冯公祠,23.4757,113.176
奇兵游乐园,23.1329,113.289
任氏宗祠,23.349,113.099
飞鹅岭山顶公园,23.3745,113.158
横沥公园,23.3428,113.272
颐养园旧址,23.1159,113.298
叶欣烈士像,23.1584,113.278
《华商报》驻广州办事处旧址,23.1333,113.275
淘宝宝游乐园,23.1675,113.277
解放-纪念1949.1978,23.1577,113.275
陶行知纪念馆,23.1435,113.355
母子,23.1579,113.276
龙葵钟公祠,23.1346,113.387
贝儿健儿童游乐园,23.1758,113.36
德元潘公祠,23.1355,113.345
派对公园,23.1259,113.341
广东民族服装服饰艺术博物馆,23.1655,113.359
完白李公祠,23.1633,113.268
志宇卫公祠,23.0656,113.322
东埜李公祠,23.0621,113.457
中堂龙舟广场,23.0941,113.676
湛泉邵公祠,23.067,113.402
体育公园,23.0454,113.454
车氏宗祠,23.0957,113.314
丽冥卫公祠,23.0629,113.321
Timo淘气堡儿童乐园,23.0793,113.281
海南五社体育公园,23.0596,113.207
关帝庙,23.088,113.505
小宇宙儿童乐园(燕汇广场店),23.0883,113.284
夏一站天后(卡苏美容美发),22.9513,113.357
保利公园九里D2栋,23.0867,113.22
梁氏祠堂,23.0675,113.218
水牛山公园,23.0127,113.466
海陵游乐,22.9768,113.384
巖耕蔡公祠,22.9707,113.384
北帝庙(环村东路),22.9789,113.402
流坑公园,22.9648,113.431
虚齐陈公祠,22.9645,113.356
草河湿地公园,22.9274,113.411
儿童乐园,22.9481,113.367
冒险骑士亲子乐园,22.9303,113.367
惠岩祠,22.9098,113.342
北门儿童游乐场,22.9711,113.318
东里村中心公园,22.8339,113.519
胧月多肉植物园,22.9103,113.491
肉嘟嘟多肉植物园(番禺广场),22.9393,113.392
爱芽游乐园,22.9429,113.361
文昌阁武帝庙,23.0035,113.288
体育公园(临时站),22.9682,113.377
义勇祠,22.9287,113.349
会美轩,22.9409,113.37
艺号展厅,22.887,113.47
嘻乐乐儿童乐园,22.8082,113.554
蛇头湾炮台旧址,22.8084,113.627
镇远炮台旧址,22.806,113.628
童欢童乐,23.2734,113.301
寿昌潘公祠,23.1267,113.426
祐之周公祠,23.115,113.449
碧邱余公祠,23.119,113.607
玉田朱公祠,23.1225,113.53
福祚苏公祠,23.1286,113.399
德璋黄公祠,23.1134,113.441
辉岳陆公祠,23.1093,113.47
ks实感模拟体验馆,23.1155,113.552
泳源锦鲤店,23.1433,113.596
益智儿童乐园,23.2094,113.276
白云联边文体公园,23.2348,113.295
祥景体育公园,23.2129,113.278
卡其乐儿童乐园,23.2124,113.265
二帝古庙,23.1861,113.337
慕道班,23.1204,113.267
北京街历史文化长廊,23.1283,113.272
儿童派对策划扬乐气球,23.1381,113.265
新安净慧寺,23.1343,113.263
乐贝儿游乐园,23.1336,113.434
福楹公园,23.119,113.456
青龙庙道,23.1277,113.427
爱娃娃儿童乐园,23.1317,113.416
珠村公园自行车租赁点,23.1273,113.432
敦叙祖祠,23.1316,113.421
童年阳光游乐场,23.4034,113.239
仁和广场,23.3572,113.394
观云台,23.1646,113.302
金贝贝儿童游乐场,23.3999,113.208
小天使乐园,23.1359,113.295
北辰杨公祠,23.3492,113.38
中山一院院史馆,23.1325,113.298
灵梓小姐的店,23.553,113.596
魔贝比,23.109,113.302
湴湖公园,23.4245,113.469
观光车车站候车亭,23.5862,113.771
雀潮会,23.1221,113.308
游乐设施,23.1357,113.303
红花冈四烈士墓道,23.1346,113.291
艺廊里,23.1189,113.375
燕岭小公园,23.1611,113.329
好孩子儿童乐园(花都店),23.4584,113.281
利坚儿童乐园,23.4186,113.261
瑶溪蔡公祠,23.1644,113.259
空中漫步,23.1117,113.33
化龙楠山画居陈列室,23.0499,113.456
冯氏大宗祠,23.0977,113.4
北约公园,23.0398,113.433
双拥公园,23.1049,113.288
北帝庙,23.0503,113.342
童趣成长儿童游乐园,23.0987,113.314
多喜乐儿童成长乐园,23.1058,113.29
关斋庙,23.1032,113.292
穗花村,23.1015,113.283
创意儿童乐园,23.0738,113.295
奇乐儿儿童主题公园(广百新一城店),23.0994,113.273
祝福博物馆,23.1003,113.329
普乐方幻真体验馆,23.1061,113.463
摇摇车,23.0914,113.531
观鱼亭,23.0812,113.332
区氏宗祠,23.0981,113.486
旺旺水族馆,22.9887,113.403
八仙岩,22.9929,113.514
海岸公园,22.9333,113.413
炫彩童年儿童主题乐园,22.9602,113.447
圣母殿,22.924,113.345
阿库拉儿童成长乐园,22.9429,113.361
大石教会,23.0204,113.32
乐贝儿游乐园(番禺),22.9424,113.361
镇远炮台清兵营房旧址,22.8059,113.629
朱文庆公祠,22.7602,113.578
道生刘公祠,23.154,113.645
南沙区基督教南沙街聚会点,22.7893,113.537
创荣儿童乐园,23.1153,113.552
波波池,23.1587,113.274
王兴将军墓,23.1451,113.271
北秀游乐园,23.1483,113.27
潮绣抽纱博物馆,23.1334,113.275
听潮苑,23.1211,113.286
公园前D口,23.1312,113.272
爱玩岛乐园,23.1307,113.254
解放北路679号教堂,23.1366,113.268
潮梅军前敌司令金公国治之墓,23.1474,113.302
捞鱼,23.152,113.288
欢乐飞翼,23.1584,113.275
emg大石·馆艺术中心,23.1181,113.376
龙凤重环佩,23.16,113.277
德华潘公祠,23.1376,113.345
天主教广州教区圣安多尼堂,23.1504,113.351
龙藏亭,23.1744,113.287
您身边的咖啡博物馆,23.142,113.316
马鞍山公园停车场迎宾大道,23.4019,113.247
小飞鱼水上乐园,23.3803,113.231
水口村祠堂,23.347,113.098
瓢虫乐园,23.7061,113.724
花东镇体育公园,23.443,113.345
蒲氏宗祠,23.1029,113.445
警察历史陈列馆,23.0907,113.434
斗姥元君,23.0408,113.412
解元李公祠,23.0616,113.457
美国ROS喏斯景观,23.0639,113.299
游乐设施,23.0949,113.282
小豆丁儿童乐园,23.0788,113.298
提莫儿童乐园,23.0749,113.282
伴乐岛游乐场,23.0922,113.334
忠斋莫公祠,23.0541,113.58
红荔公园,23.0922,113.505
丛萌林公祠,23.041,113.411
考拉儿童游乐园,23.1057,113.463
正觉堂念先阁,22.9707,113.44
月轩公祠,23.0072,113.459
富娱游乐,22.9776,113.393
南潮陈公祠,22.9823,113.399
非洲长廊,23.0071,113.32
摩尔世界,23.0117,113.355
誉山公园,23.0157,113.385
嘻哈乐儿童乐园,23.0139,113.349
嘉文儿童乐园(祈福店),22.9739,113.329
石基儿童游乐园,22.9609,113.447
地玄公园,22.9079,113.528
中央公园洗手间,22.9355,113.39
几松公祠,22.7613,113.58
BaByFun儿童乐园,22.8086,113.554
babyfun儿童成长乐园,22.808,113.554
宾公佛岩寺,23.4289,113.923
童颜无际儿童游乐场,23.2138,113.273
霍氏宗祠,23.1023,113.649
FY-飓风飞椅,23.145,113.274
专题陈列馆,23.1492,113.287
儿童碰碰车,22.8852,113.297
绿萝园,23.1217,113.271
黄金历史,23.1387,113.336
古尔尼,23.1283,113.277
璧通堂,23.1212,113.255
川虎夜郎士多店,23.1282,113.656
璎珞玉洲,23.1329,113.289
百花绿萝,23.0697,113.216
泰神殿,23.1018,113.271
湘剧场,23.2172,113.289
祖园,23.3028,113.274
沙田农庄,23.3219,113.489
九龙冰室（动漫星城店）,23.132,113.274
海盛避风塘,23.1234,113.248
开花亭(沙园店),23.0974,113.268
宝相荟,23.1056,113.368
R.O.SR.O.S,23.1676,113.276
知了岛iknow儿童成长主题乐园(永泰店),23.2262,113.312
清湖水上乐园,23.2636,113.281
植氏宗祠,22.9976,113.365
佛普照明,23.2132,113.257
王子山森林公园总站,23.5884,113.231
车陂街广氮社区-法治文化广场,23.1328,113.405
全民K歌,23.1325,113.29
鹿步剧场,23.0887,113.545
祠公徐之厚,23.3724,113.216
潢涌影剧院,23.1303,113.743
欢乐世界,23.1433,113.314
老殿典藏馆,23.1123,113.249
桔洲影剧院,23.1168,113.809
力迅西门町国际巨星名人蜡像馆,23.1203,113.254
夏园儿童家园,23.0831,113.523
袁崇焕纪念园,23.1091,113.843
飞鹅岭山顶公园主入口广场,23.368,113.15
富康广场,23.1859,113.248
爱儿乐儿童乐园,23.1411,113.346
创氏广场,23.0712,113.54
潢涌黎氏大宗祠,23.1263,113.743
素社家园科普文化广场,23.1076,113.283
中国收藏家协会南方会馆,23.1492,113.287
东漖公园,23.0856,113.234
达孝苏公祠,23.1353,113.394
江高影剧场,23.2778,113.238
花钟,23.1634,113.301
博艺轩,23.134,113.293
竹轩苏公祠,22.9558,113.381
朱执信先生墓道,23.154,113.314
景均胡公祠,23.0181,113.473
宗昌邵公祠,23.1656,113.651
禄贤梁公祠,23.0958,113.402
唯妙轰趴馆,23.2135,113.279
荔湾文化艺术中心-影剧院,23.1141,113.224
平康公园,22.9468,113.391
大田村社区服务中心文体休闲公园,23.276,113.21
北面社区文化广场,22.8189,113.635
海贝儿儿童游乐园,23.1321,113.39
晓岚亭,23.1551,113.287
元始梁公祠,23.0573,113.38
广东省土壤科学博物馆,23.1871,113.362
宗圣公裔曾氏宗祠,22.959,113.373
广州国际服装展贸中心4号馆,23.1488,113.265
林和街德荣社区文体广场,23.1453,113.341
裕客隆购物广场儿童乐园,23.1,113.485
冒险骑士,23.1365,113.421
童欢儿童主题亲子乐园,23.2413,113.311
爱朵儿童主题乐园,23.3381,113.305
新塘公园-游乐场,23.1267,113.626
星期六儿童成长主题乐园,23.1079,113.389
开心岛森林王国亲子乐园,23.2982,113.364
贝儿乐儿童亲子乐园,23.1212,113.377
七彩主题儿童乐园,23.4557,113.284
奇乐儿儿童主题公园(中环广场店),23.1426,113.288
广州志愿驿站联合会白云山西门志愿驿站,23.203,113.294
永隽威沙场,23.2412,113.186
净慧楼,23.1332,113.268
广东经石,23.2111,113.263
二郎庙,22.7002,113.564
激战鲨鱼岛,23.3791,113.223
火箭蹦极,23.3789,113.221
珠江农业科普园,22.6945,113.565
光明村文化体育广场,23.341,113.422
竹二村文化广场,23.3661,113.355
晨曦广场,23.3386,113.194
美+纷儿童乐园,23.4042,113.238
风车广场,23.1875,113.271
平沙村文化广场,23.2552,113.266
竹丝艺语圆都行艺术中心,23.1339,113.3
邵逸夫体育馆-学生文化广场,23.1383,113.353
表演广场,23.1776,113.309
鱼窝头体育文化广场,22.8537,113.464
海战博物馆-大广场,22.8017,113.638
飘移卡丁車,23.0993,113.279
莲港广场,22.9744,113.496
和平广场,22.9933,113.363
樟边村文化广场,22.9901,113.39
云景花园-中心广场,23.1892,113.337
天州广场,23.1908,113.332
密室前传真人密室逃脱,23.1464,113.352
胡蝶,23.1495,113.289
集散广场,22.6011,113.644
美乐广场,23.0508,113.549
沙园街科普乐园,23.0927,113.27
一洞樊公祠,23.2048,113.372
子昂阮公祠,23.1917,113.741
亲亲果儿童乐园,23.1871,113.329
附生凤梨区,23.1936,113.376
义齐王公祠,23.1266,113.406
黄沙岗公园,23.2081,113.264
游乐设施区,23.1221,113.427
本潮何公祠,23.2259,113.274
东秀(源锋店),23.1604,113.308
疯狂赛车,23.111,113.536
华南土特产展览交流大会旧址水果蔬菜馆,23.1158,113.259
小熊帽,23.5531,113.596
Manga漫界动漫天地,23.1365,113.334
狮岭公园,23.4645,113.165
童星游乐园,23.0432,113.424
育贤长堂,23.0708,113.358
沥滘码头公园,23.0605,113.322
美婴开心堡乐园(燕汇广场店),23.0888,113.285
翠城开芯宝儿童乐园,23.0903,113.278
振堂陈公祠,22.9901,113.406
秀生刘公祠,23.3995,113.23
冒险岛儿童乐园,22.9256,113.353
琪琪康乐园,22.9568,113.372
100纷乐园,23.3357,113.308
跳楼机,23.3797,113.222
乐洋洋儿童乐园,22.9477,113.367
丛林飞鼠,22.8851,113.295
明海徐公祠,23.256,113.356
仕功越公祠,23.2588,113.3
下墩村公园,22.8084,113.425
广州绿地中央广场-营销中心,23.1677,113.439
百荣广场,23.192,113.266
罗岗六社文体小苑,23.2544,113.279
棠德花苑-文化广场,23.1396,113.39
考拉广场,23.006,113.322
布噜豪斯小勇士儿童拓展乐园,23.0127,113.355
刘玉壶像,23.1861,113.378
其明何公祠,23.2022,113.328
植谊亭,23.197,113.297
马口烈士纪念碑,23.1649,113.342
庆丰兴隆公园,23.2079,113.219
圣裔宗祠,23.1729,113.468
嘟猪婴儿生活馆,23.5585,113.602
越秀公园导游门多,23.143,113.278
广州辛亥三月廿九日革命记,23.147,113.301
蓝田古庙,23.5356,113.585
熊氏宗祠,23.486,113.796
VICOOK厨艺坊,23.1243,113.316
麻涌镇草堂莫公祠,23.0539,113.581
π对VR虚拟现实体验馆,23.1253,113.331
淡隐霍公祠,23.0412,113.412
时代风好声音,23.0792,113.299
竹窗林公祠,23.0912,113.3
童宝儿童乐园,23.0611,113.581
奇乐儿儿童游乐园,23.1067,113.463
萌宝乐园儿童主题游乐场,23.0844,113.523
光游乐园,23.0928,113.265
美洋洋儿童乐园,23.3905,113.413
乐游堂,23.0951,113.266
儿童乐园,23.0662,113.319
公园九里社区服务店,23.0847,113.219
快乐童年儿童乐园,22.9618,113.442
伍观淇抗战纪念馆,23.3515,113.182
基督教市桥堂,22.9409,113.35
中山曾公祠,22.96,113.371
广州三叠纪公园,23.2817,113.6
吉祥围民俗文化风情馆,22.8923,113.463
诗潮水上乐园,22.9565,113.402
禄清社公祠,23.2502,113.274
音乐啤酒广场,23.2897,113.825
刘清广场,23.1292,113.405
汉溪文化广场,22.9951,113.336
白鸽广场,22.6368,113.627
赏翠亭,23.1655,113.245
凤阳街道文化广场,23.0901,113.312
億源水族馆,23.1984,113.375
元美村公园,23.1974,113.829
兰花景观室,23.1909,113.376
鑫泰儿童乐园,23.1256,113.625
晶银世界,23.1804,113.264
沁园,23.164,113.517
黎氏大宗祠,23.2409,113.284
义勇祠,23.2127,113.246
白云山国家级风景名胜区-凉亭,23.1812,113.307
乐翻天游乐场,23.1869,113.273
广州蕯华寺,23.5855,113.332
赞亭简公祠,23.1642,113.418
仕杰秦公祠,23.1144,113.416
蔡廷锴之墓,23.1514,113.316
方圆公园一号,23.1327,113.367
宝马汽车城市展厅,23.1265,113.341
儿童乐园,23.4692,113.266
粉屋,23.1411,113.347
大石.馆,23.118,113.376
明珠影画院旧址,23.1179,113.267
共和村社区铁路文化博物馆,23.1314,113.31
At爱淘站欢乐儿童乐园,23.1378,113.329
小趣味游乐园,23.5867,113.581
司马庙,23.1084,113.844
广州市荔湾区招祠堂,23.0931,113.246
明星游乐场,23.0982,113.282
黄氏大宗祠,23.0876,113.34
竹川萧公祠,23.056,113.582
流云香溪,23.076,113.328
六世黄公祠,23.0125,113.504
天狮岭公园,23.4345,113.182
快活林游乐园,23.4032,113.239
苗圃园地,23.0921,113.242
富丽城淘气煲儿童乐园,23.0323,113.317
榄塘小公园,22.9775,113.361
官堂康公古庙,23.0223,113.364
城庵公祠,23.0072,113.459
疣鼻天鹅,23.0048,113.318
全球巨星蜡像馆,23.0289,113.391
好孩子游乐园,23.3406,113.302
神舞爱朵儿童主题乐园,22.972,113.388
滨水长廊,23.3767,113.235
卡奇儿童乐园,22.9974,113.34
贤江公园,23.2111,113.536
萌萌多肉植物园,22.9668,113.496
冒险骑士儿童游乐园,22.9302,113.364
多妙儿童乐园,23.1932,113.576
童心堡儿童乐园,22.9429,113.376
AMAZONAMAZON,22.9249,113.352
月峰徐公祠,23.3022,113.308
童梦奇境儿童乐园(淘金店),23.1488,113.299
海底世界,23.1497,113.312
乐乐派儿童俱乐部,23.2009,113.268
黄石介公家庙,23.2068,113.255
得意宝儿童乐园,23.1302,113.666
大河马水上世界冲浪快艇,23.2214,113.332
幸运之星,23.1842,113.328
鸳鸯堤,23.1213,113.298
秦牧旧居,23.1269,113.3
旧屋公园,23.4649,113.175
金贝儿童儿童主题乐园(广州曜一城店),23.1473,113.35
肩中情,23.159,113.276
子富冼公祠,23.1192,113.371
电车主题公园,23.1117,113.34
广州团史馆,23.1429,113.349
宝佳游乐园,23.5893,113.581
从化书院作品展示厅,23.5603,113.586
飞翔公园,23.1748,113.271
大后宫,23.0667,113.244
茂盛陈公祠,22.9889,113.406
EXPO博览馆,23.104,113.371
关帝庙,23.0429,113.427
龙山李公祠,23.0424,113.461
群园,22.9375,113.369
卡咪多王国儿童乐园,22.9469,113.37
贵宾儿童乐园,23.2914,113.352
积富陈公祠,23.2646,113.262
乐贝儿游乐园,23.3426,113.31
水上公园,23.0095,113.388
乐贝儿儿童乐园,22.9806,113.322
官涌古庙,22.9595,113.464
永旺莫莉幻想儿童乐园,22.9258,113.353
本森租跑车(黄埔大道店),23.1184,113.389
玄瑞仙,23.0915,113.316
广州塔-游客休息区,23.1117,113.33
祥安山,23.4893,113.124
旺族琴行康乐分教点,22.9518,113.367
佛光普照,22.9776,113.333
烧烤啤酒广场,23.0964,113.236
嘻嗳哆儿童主题乐园,23.1077,113.269
飞碟碰碰车,23.0995,113.239
古尔尼,23.1362,113.422
因睦堂,23.0122,113.351
古尔尼,23.1386,113.329
23区,23.1298,113.275
小资杭帮菜(新天地店),23.1294,113.351
广州十三行史料陈列馆ShiSanHang ShiLiao ChenLieGuan,23.128747263,113.239445815
广东省中医院(大学城分院),23.0535915279,113.396274744
华南理工大学南校区停车场,23.0545378674,113.4085199217
柯达数码(广大商业中心店),23.0473883117,113.378633655
美国L C 艺廊Leona Craig Art Gallery,23.1330962398,113.279725514
广州红树湾家具博览中心HongShuWan JiaJu BoLan ZhongXin,23.0194313357,113.3431887557
广州龙志航书法艺术馆LongZhiHang ShuFa YiShuGuan,23.2301531308,113.2884568326
广州天河区长兴街科技活动中心TianHeQu ChangXing Jie KeJi HuoDong ZhongXin,23.1755265047,113.3590946925
广州777艺术馆777 YiShuGuan,23.1937731042,113.2883702052
广州华光陶瓷艺术会馆HuaGuang TaoCi YiShu HuiGuan,23.1131888996,113.2511220104
广州番禺区石碁镇科普活动中心PanYuQu ShiQiZhen KePu HuoDong ZhongXin,22.9607113345,113.4475664994
广州市美术中学艺苑展览馆GuangZhouShi MeiShu ZhongXue YiYuan ZhanLanGuan,23.13701309,113.2912332227
广州宝珍堂艺术馆BaoZhenTang YiShuGuan,23.1514207828,113.3270128362
广州万盛名家家具博览中心WanSheng MingJia JiaJu BoLan ZhongXin,23.0190862316,113.3189595673
广州杨之光美术中心展览馆YangZhiGuang MeiShu ZhongXin ZhanLanGuan,22.9613633314,113.365606138
广州保税区国际食品展示中心GuangZhou BaoShuiQu GuoJi ShiPin ZhanShi ZhongXin,23.0800298109,113.5474075142
广州高新技术展示厅GuangZhou GaoXin JiShu ZhanShiTing,23.1655371154,113.4575116593
广州展览大楼ZhanLan DaLou,23.1334997367,113.2694269659
广州花都区气象天文科普馆HuaDuQu QiXiang TianWen KePuGuan,23.424985317,113.2480567102
广州全程艺术馆QuanCheng YiShuGuan,22.9368945334,113.3667644352
广州华夏美术展览中心HuaXia MeiShu ZhanLan ZhongXin,23.1431115958,113.3007007365
广州番禺广场展览厅PanYu GuangChang ZhanLanTing,22.9395210904,113.3907657304
珠江-英博国际啤酒博物馆　/　珠江-インパブ国際ビール博物館Pearl River-InPub International Beer Museum,23.1044002572,113.3464005849
油岭歌堂Youling Theater,23.1043270178,113.5520357952
种业小镇,22.903718,113.420224
黑色经典长沙臭豆腐(广州大学城二店),23.0665516311,113.399542388
越秀公园游艇部,23.1446385386,113.270345075
广州市城市规划展览中心,23.1982026643,113.2833413067
停车场,23.0570522901,113.4053488672
大学城中心体育场停车场(出入口),23.0634121641,113.4009442151
停车场,22.9693931964,113.3591857749
停车场,23.0632151805,113.4012924265
停车场,23.0506503195,113.4040263215
停车场(兴学路),22.9774500195,113.352435315
停车场,23.0029906316,113.3503845095
停车场,23.0579780283,113.4054086529
停车场,23.0669156096,113.4022941117
停车场,23.0578376593,113.4070446153
茹燚功能训练馆,23.0588759358,113.382350829
停车场,23.0083570461,113.393254296
小谷围街道办事处停车场(出入口),23.05161919,113.4046117677
停车场(迎辉楼西),22.9375650913,113.3640901943
停车场,23.0442592691,113.3932995445
gogo新天地停车场(出入口),23.0702509786,113.3986584136
mila米拉美甲,23.0677744577,113.398280322
停车场,23.0673673551,113.4140394581
gogo新天地停车场(出入口),23.064387813,113.4008389818
广东外语外贸大学停车场,23.076237135,113.4045642741
药科大学大学城校区图书馆停车场(出入口),23.0624450353,113.4176911296
停车场,23.0621965656,113.3923059495
gogo新天地停车场,23.0672162362,113.3984456341
寅源大众(广工东一饭堂),23.0488115384,113.394765598
停车场,23.0430043067,113.3958342862
广州大学商业中心停车场,23.0488544572,113.3795201374
广州大学城体育场停车场,23.0617665644,113.3962051741
广州大学城体育场主场停车场(1),23.0617829378,113.3962413283
停车场,23.0502551052,113.4045272939
大学城中心体育场停车场p3,23.06297625,113.4013967764
国际生物岛标准产业单元三期停车场(入口),23.0664905827,113.3792017206
停车场(出入口),23.0434006946,113.4139948873
gogo新天地停车场(出入口),23.0670196283,113.3987361381
停车场(出口),23.0619848333,113.3925573167
机大师(广东外语外贸大学店),23.0673041935,113.398394133
大学城中心体育场停车场(出入口),23.0626123953,113.4014434287
机大师(广东工业大学店),23.044202552,113.394232415
华南理工大学大学城校区停车场-北一门(出入口),23.0596275811,113.4096594913
停车场,23.0501648177,113.4052592317
停车场(国医东路),23.0519931886,113.3969678545
蕾特恩专业祛痘国际连锁(大学城店),22.9613671451,113.444793421
停车场,23.050230783,113.4047444541
停车场,23.0684579141,113.4016395529
大学城车场,23.052150599,113.383195826
东尼造型美发工作室,23.0673090783,113.399763473
轻松小熊的甜蜜时光特展,23.1247837065,113.2393638318
停车场(出入口),23.0455401729,113.4108038735
停车场(西涌社区西北),22.937455969,113.3634428488
MKC FitnessMKC Fitness,23.0415208298,113.39402716
私塾家富豪山庄图书馆,22.9790482099,113.3555481286
TotaldreamTotaldream,23.0485461441,113.379125886
图书(猎德社区分馆),23.1206029523,113.3501540931
广州大学城体育场停车场p2,23.0624681622,113.3961360515
停车场,23.0595770565,113.3795513944
停车场(入口),23.0626166087,113.392862787
gogo新天地停车场(入口),23.0669357886,113.3985727191
原始音乐餐吧,23.0667567861,113.399406665
gogo新天地停车场(出口),23.0672135638,113.3980854203
印知美图文,23.0690841689,113.398011676
缇阿摩美发,23.0670334782,113.39843994
停车场(大学城内环东路),23.0579780283,113.4054086529
停车场(出入口),23.0621961425,113.3919194679
广东外语外贸大学大学城校区北苑停车场,23.068818502,113.402994497
中山大学超级计算中心停车场,23.0769908376,113.3992338978
梅沙社区营地,23.1464492343,113.3245306778
贡院旧址,23.1297609967,113.2838438088
岭南九遗艺术中心,23.1291623291,113.3017705531
派逗蛙亲水乐园(优托邦园区),23.1375971841,113.4204992059
广式糕饼文化博物馆,22.8889201641,113.4230214547
聚炫坊,23.053332497,113.379934818
优生活专卖店,23.0520520966,113.381074588
欧莱雅私人定制(广州大学城贝岗店),23.0675901674,113.399453996
新起点文印室,23.0664750777,113.403675589
防震减灾科普园,23.0991650593,113.2783290438
L Art GalleryL Art Gallery,23.143736274,113.2928963841
暨南大学南校区图书馆,23.0236367202,113.4202992154
指艺工坊美甲工作室,23.0419121382,113.394179813
小蜻蜓水上乐园,23.3859915592,113.245391732
American Tourister(易初莲花天河店),23.1672156831,113.2630773972
American Tourister(天河城名盛店),23.1387573224,113.3291732844
华南师范大学图书馆停车场,23.0622170504,113.381608655
中国联通中山大学东校区合作,23.0659614213,113.39804395
优舞国际(大学城贝岗店),23.066994117,113.401859906
荒岛书店(沃凯街店),23.1470213969,113.340183364
海珠区少年儿童图书馆,23.1079826487,113.31830105
亿达裕志画廊,22.8812321618,113.5252162658
水上嘉年华乐园,22.7728233734,113.6202272077
福利彩票,23.0555950116,113.3823582869
生物岛国际公寓,23.0683055064,113.3812669859
印地安创意工作室,23.065201508,113.403830941
卢琳足球俱乐部,23.199275984,113.334188711
24小时自助图书馆,23.1802509435,113.2746431438
石龙足球场,23.3222426413,113.201145247
广州市番禺区图书馆(剑桥郡分馆),23.0253804957,113.394796939
建钢足球场,23.1233185928,113.584233194
自然创造衣服健康研工作室,23.0417498006,113.3940204027
墨本造型(贝岗店),23.0677017092,113.399381141
星海音乐学院-停车场(大学城校区),23.0600018835,113.3883983029
中国光大银行24小时自助银行,23.0480046566,113.400903089
证券,23.0518528675,113.403307975
American Tourister(太阳城吉之岛店),23.0959875274,113.2725963923
American Tourister(易初莲花长兴店),23.1672156831,113.2630773972
星秀足球俱乐部,23.3916476524,113.22634704
华南师范大学大学城校区停车场4,23.0548117604,113.3864438557
足球场,23.0441769858,113.385028032
羽毛足球场,23.066559291,113.259655864
广州大学城体育中心自行车馆场馆-停车场,23.0551158652,113.4045547818
moving照相馆,23.0595414499,113.389141724
足球场,23.0624782159,113.409716503
顺丰速运(大学城城谷凤路),23.0687104064,113.395860839
华南师范大学先进光电子研究院-停车场,23.0582427567,113.3833971404
彩票销售店,23.0522144355,113.3817872323
菜鸟驿站,23.0578692084,113.380845683
淡韵化妆品有限公司,23.0653472652,113.3911551337
鸦岗石台足球场,23.2346691259,113.196441226
农村商业银行atm,23.0493648684,113.3873958103
彩票销售店,23.0417022515,113.394249853
海淘基地,23.0475898011,113.37955092
星海音乐学院音乐厅停车场,23.0655029187,113.3858195404
荔湖足球场,23.2198374126,113.614613099
登顶体育公园,23.0023911164,113.33055825
福洞村旱鸭子水上乐园,23.285193548,113.5460427519
城市职业学院足球场,23.1634610822,113.28223926
京东广药校园营业厅,23.0614615482,113.408134801
人造草足球场,23.0669956525,113.31583499
足协训练基地,22.9412988094,113.343011919
coco专业烫染(大学城店),23.0672831972,113.399308047
运城足球场,23.1582987125,113.339937942
旭腾体育,22.9173247201,113.360300297
中国福利彩票,23.066881399,113.401300566
晨宇灯光,23.264472391,113.233605865
拉菲尔(GoGo新天地店),23.0671529366,113.398542056
广州市农科大观,23.4579400433,113.3295250225
广园客运站大学城售票点,23.0663059952,113.3851796384
西二理发店,23.0483812643,113.3944705991
辉粤舞台灯光厂,23.1208792354,113.293658428
学林阁摄影工作室,23.0681839041,113.395415721
中国银行atm(贝岗村大街),23.0661610834,113.3980343305
lenovo维修中心(GoGo新天地店),23.0671529366,113.398542056
军民共建林-5人制足球场,23.197343843,113.286529994
广州艺想天成文化发展有限公司,23.0625622005,113.3922954881
ICARLUS(GOGO新天地店),23.0676239832,113.398404476
夏煜灯光设备有限公司,23.2629100994,113.217441829
唯美空间,23.0673372107,113.398653832
福源租房,23.0436156892,113.3929254262
便民刻章店,23.0673041935,113.398394133
赛维洗衣(大学城店),23.0596624163,113.389879762
American Tourister(光大吉之岛店),23.1392815821,113.3290860909
American Tourister(王府井店),23.1200484221,113.3076499326
石版工作室,23.0442437612,113.390721663
American Tourister(易初莲花三元里店),23.1672156831,113.2630773972
三禾田清洁服务(广州店),23.047699987,113.3784994619
广州大学宣传文化长廊,23.0475446629,113.381544228
仙度瑞拉(GOGO新天地店),23.0678646576,113.398494449
润铖汽车配件店,23.0533635606,113.378867739
绿菌体育社区小型足球场,23.4065830582,113.255039011
全新数码复印,23.0665332748,113.403715439
中国工商银行atm(国医东路),23.0490399543,113.3938567933
MIX SALON(大学城贝岗店),23.0673413388,113.399027454
农商银行atm,23.0479134178,113.3794811279
韩1日舍(GOGO新天地店),23.0680552487,113.398574414
中城科技(GoGo新天地店),23.0671529366,113.398542056
足球场,22.9982786204,113.37086824
报刊亭,23.0644955464,113.40232838
永和足球场,23.1822303283,113.57252646
菁妤丝毛发健康管理中心,23.0478374444,113.378574273
狼傲青少年足球培训中心,23.5587370325,113.592037134
骑士配件店,23.2756517843,113.2319552266
驿联新能源汽车充电站,23.0701994997,113.398825724
停车场,23.0597546856,113.3896564474
炫彩班服(大学城分部),22.9345896575,113.416801162
云峰球场,23.1585881908,113.24744723
正优美选(GoGo新天地店),23.0671529366,113.398542056
欣远科技(GoGo新天地店),23.0671529366,113.398542056
优里服务站,23.0456070545,113.388865448
犇犇IDC机房,23.0511807023,113.403686161
菲诗小铺(GoGo新天地店),23.0671529366,113.398542056
足球场,23.275598191,113.828449617
新丝路发型店,23.0680059699,113.400242208
前方足球场,23.0469039428,113.321418556
喜羊羊动漫主题图书馆,23.117784482,113.2681654214
五号足球空间,23.2802577902,113.792017963
银排岭足球场,23.2016758802,113.391589294
百灵鸟足球场,23.1238770875,113.369580755
宜源华,23.0484095639,113.399683291
美目优瞳yoolens(GoGo新天地店),23.0671529366,113.398542056
精剪设计室,23.0575297425,113.380885302
山与海足球俱乐部,23.4230794606,113.21771829
美来科灯光厂,23.2242025379,113.244982918
晟唐灯光,23.2648110592,113.222754468
诺玛灯光,23.2628107916,113.217531796
岑能咏春故居,23.1199583783,113.2453301328
广东明星足球俱乐部,23.131608929,113.290019857
天达灯光厂,23.1981359427,113.240930924
宏日灯光,23.2225782335,113.24676275
国达灯光,23.2445095301,113.22542952
拾号大院微剧场,23.1234872952,113.3769859553
古希腊剧院,23.1538938193,113.4244463605
公共教学楼c座,23.0740966634,113.395361555
英国剧场,23.1543404904,113.4274561527
缘美理发店,23.0424629152,113.3952181558
城建物业星汇文翰服务中心,23.0678153872,113.391506483
华南移动空中课堂模拟法庭,23.0563144051,113.41222658
皮影剧场,23.0416766343,113.4113481837
珊珊发艺,23.0529479733,113.38013476
中国建设银行ATM,23.0573832957,113.4020234074
刺青,23.0670616452,113.398784663
卓旅旅行社,23.0674308852,113.390449321
七彩戏水乐园,23.13935558,113.4187772749
伟腾广告,23.0644092016,113.400850421
药科大学生活区9栋,23.0596642654,113.405412255
饶宗颐图书馆,23.1829129243,113.352865465
剧场,23.13968213,113.2711142919
潭江图书馆,22.7896918895,113.395316598
南美剧场,23.0069614435,113.3237077876
华南理工大学-行政办公楼,23.0533669021,113.409204349
中国邮政,23.068511159,113.39568952
